Gene_ID,Strand,Chromosome,Gene_Description,Gene_Start,Gene_End,TSS,Distance,Pair_ID
TraesCS1A02G066521,-1,1A,,48993956,48998857,48998857,870,Pair_1
TraesCS1A02G066600,-1,1A,,48998937,48999728,48999728,NA,Pair_1
TraesCS1A02G067462,1,1A,,49301588,49302265,49301588,736,Pair_2
TraesCS1A02G067472,1,1A,,49302325,49303620,49302325,NA,Pair_2
TraesCS1A02G072982,1,1A,,57185413,57185949,57185413,695,Pair_3
TraesCS1A02G072986,1,1A,,57186109,57188008,57186109,NA,Pair_3
TraesCS1A02G079100,1,1A,,62009723,62010214,62009723,536,Pair_4
TraesCS1A02G079200,1,1A,,62010260,62010532,62010260,NA,Pair_4
TraesCS1A02G103013,1,1A,,99153882,99154346,99153882,636,Pair_5
TraesCS1A02G103014,1,1A,,99154519,99154878,99154519,NA,Pair_5
TraesCS1A02G103014,1,1A,,99154519,99154878,99154519,581,Pair_6
TraesCS1A02G103019,1,1A,,99155101,99155481,99155101,NA,Pair_6
TraesCS1A02G127100,1,1A,,154075853,154100902,154076329,399,Pair_7
TraesCS1A02G127200,1,1A,,154076729,154077174,154076729,NA,Pair_7
TraesCS1A02G127200,1,1A,,154076729,154077174,154076729,621,Pair_8
TraesCS1A02G127300,1,1A,,154077351,154077658,154077351,NA,Pair_8
TraesCS1A02G140200,-1,1A,,238107966,238108343,238108343,400,Pair_9
TraesCS1A02G140300,-1,1A,NADH-ubiquinone oxidoreductase chain 3 [Source:UniProtKB/TrEMBL;Acc:Q332N0],238108388,238108744,238108744,NA,Pair_9
TraesCS1A02G140400,-1,1A,,238153351,238153728,238153728,400,Pair_10
TraesCS1A02G140500,-1,1A,NADH-ubiquinone oxidoreductase chain 3 [Source:UniProtKB/TrEMBL;Acc:A0A341NJ08],238153773,238154129,238154129,NA,Pair_10
TraesCS1A02G148500,1,1A,Cytochrome b559 subunit alpha [Source:UniProtKB/Swiss-Prot;Acc:P69386],256026883,256027134,256026883,261,Pair_11
TraesCS1A02G148600,1,1A,Cytochrome b559 subunit beta [Source:UniProtKB/Swiss-Prot;Acc:P60125],256027145,256027264,256027145,NA,Pair_11
TraesCS1A02G148600,1,1A,Cytochrome b559 subunit beta [Source:UniProtKB/Swiss-Prot;Acc:P60125],256027145,256027264,256027145,141,Pair_12
TraesCS1A02G148700,1,1A,,256027287,256027403,256027287,NA,Pair_12
TraesCS1A02G148700,1,1A,,256027287,256027403,256027287,240,Pair_13
TraesCS1A02G148800,1,1A,,256027528,256027650,256027528,NA,Pair_13
TraesCS1A02G156700,1,1A,,278507749,278508126,278507749,377,Pair_14
TraesCS1A02G156800,1,1A,,278508127,278508621,278508127,NA,Pair_14
TraesCS1A02G157100,1,1A,,278527011,278527579,278527011,775,Pair_15
TraesCS1A02G157200,1,1A,,278527787,278533008,278527787,NA,Pair_15
TraesCS1A02G165100,1,1A,,297885172,297885423,297885172,402,Pair_16
TraesCS1A02G165200,1,1A,,297885575,297885691,297885575,NA,Pair_16
TraesCS1A02G269700,1,1A,,463958836,463959090,463958836,631,Pair_17
TraesCS1A02G269800,1,1A,,463959468,463959974,463959468,NA,Pair_17
TraesCS1A02G287600,-1,1A,,485002247,485010324,485010324,835,Pair_18
TraesCS1A02G287700,-1,1A,Histone H4 [Source:UniProtKB/TrEMBL;Acc:A0A077RYQ1],485010538,485011160,485011160,NA,Pair_18
TraesCS1A02G331500,1,1A,,520401046,520401650,520401046,735,Pair_19
TraesCS1A02G331600,1,1A,,520401782,520402321,520401782,NA,Pair_19
TraesCS1A02G376100,-1,1A,,550441580,550446624,550446624,361,Pair_20
TraesCS1A02G376200,-1,1A,,550446699,550446986,550446986,NA,Pair_20
TraesCS1A02G384400,1,1A,"NAD(P)H-quinone oxidoreductase subunit 3, chloroplastic [Source:UniProtKB/Swiss-Prot;Acc:P26303]",554447900,554448262,554447900,411,Pair_21
TraesCS1A02G384500,1,1A,,554448312,554448989,554448312,NA,Pair_21
TraesCS1A02G384600,1,1A,,554458618,554458812,554458618,587,Pair_22
TraesCS1A02G384700,1,1A,Photosystem II reaction center protein I [Source:UniProtKB/Swiss-Prot;Acc:P62104],554459206,554459316,554459206,NA,Pair_22
TraesCS1A02G400600,-1,1A,,564395728,564396899,564396899,738,Pair_23
TraesCS1A02G400700,-1,1A,,564396988,564397638,564397638,NA,Pair_23
TraesCS1A02G426500,1,1A,,581255339,581255539,581255339,808,Pair_24
TraesCS1A02G426600,1,1A,,581256148,581256664,581256148,NA,Pair_24
TraesCS1A02G433700,-1,1A,,584778668,584779039,584779039,565,Pair_25
TraesCS1A02G433800,-1,1A,,584779150,584779605,584779605,NA,Pair_25
TraesCS1A02G440600,-1,1A,,589499183,589500727,589500727,945,Pair_26
TraesCS1A02G440700,-1,1A,,589501206,589501673,589501673,NA,Pair_26
TraesCS1B02G050900,-1,1B,,30846307,30847158,30847158,515,Pair_27
TraesCS1B02G051000,-1,1B,,30847183,30847674,30847674,NA,Pair_27
TraesCS1B02G051200,1,1B,,31125242,31125556,31125242,409,Pair_28
TraesCS1B02G051300,1,1B,,31125652,31127538,31125652,NA,Pair_28
TraesCS1B02G071612,-1,1B,,56500348,56501079,56501079,732,Pair_29
TraesCS1B02G071617,-1,1B,,56501081,56501812,56501812,NA,Pair_29
TraesCS1B02G103000,-1,1B,,113212293,113213054,113213054,905,Pair_30
TraesCS1B02G103100,-1,1B,,113213106,113213960,113213960,NA,Pair_30
TraesCS1B02G103200,-1,1B,,113314654,113315415,113315415,932,Pair_31
TraesCS1B02G103300,-1,1B,,113315467,113316348,113316348,NA,Pair_31
TraesCS1B02G103400,-1,1B,,113497254,113498241,113498241,894,Pair_32
TraesCS1B02G103500,-1,1B,,113498255,113499136,113499136,NA,Pair_32
TraesCS1B02G163600,-1,1B,,286024615,286025026,286025026,366,Pair_33
TraesCS1B02G163700,-1,1B,NADH-ubiquinone oxidoreductase chain 3 [Source:UniProtKB/TrEMBL;Acc:A0A341PBA8],286025108,286025393,286025393,NA,Pair_33
TraesCS1B02G280200,1,1B,,488474138,488474392,488474138,622,Pair_34
TraesCS1B02G280300,1,1B,,488474761,488475276,488474761,NA,Pair_34
TraesCS1B02G297000,-1,1B,,516950945,516960711,516960711,926,Pair_35
TraesCS1B02G297100,-1,1B,Histone H4 [Source:UniProtKB/TrEMBL;Acc:A0A077RYQ1],516961006,516961638,516961638,NA,Pair_35
TraesCS1B02G315436,-1,1B,,539870552,539871655,539871655,895,Pair_36
TraesCS1B02G315437,-1,1B,,539871715,539872551,539872551,NA,Pair_36
TraesCS1B02G315508,-1,1B,,539931449,539932669,539932669,998,Pair_37
TraesCS1B02G315500,-1,1B,,539932703,539933668,539933668,NA,Pair_37
TraesCS1B02G341500,-1,1B,,569541622,569542225,569542225,825,Pair_38
TraesCS1B02G341400,-1,1B,,569540820,569543955,569543051,NA,Pair_38
TraesCS1B02G353200,-1,1B,,583561012,583561692,583561692,847,Pair_39
TraesCS1B02G353300,-1,1B,,583561866,583562540,583562540,NA,Pair_39
TraesCS1B02G404900,1,1B,,633716629,633716874,633716629,697,Pair_40
TraesCS1B02G405000,1,1B,,633717327,633718691,633717327,NA,Pair_40
TraesCS1B02G405100,1,1B,,633718783,633719678,633718783,971,Pair_41
TraesCS1B02G405200,1,1B,,633719755,633720330,633719755,NA,Pair_41
TraesCS1B02G405400,-1,1B,,633726802,633727122,633727122,742,Pair_42
TraesCS1B02G405500,-1,1B,,633727461,633727865,633727865,NA,Pair_42
TraesCS1B02G405500,-1,1B,,633727461,633727865,633727865,803,Pair_43
TraesCS1B02G405600,-1,1B,"NAD(P)H-quinone oxidoreductase subunit I, chloroplastic [Source:UniProtKB/TrEMBL;Acc:A0A341P9U7]",633728127,633728669,633728669,NA,Pair_43
TraesCS1B02G405600,-1,1B,"NAD(P)H-quinone oxidoreductase subunit I, chloroplastic [Source:UniProtKB/TrEMBL;Acc:A0A341P9U7]",633728127,633728669,633728669,309,Pair_44
TraesCS1B02G405700,-1,1B,,633728767,633728979,633728979,NA,Pair_44
TraesCS1B02G405900,-1,1B,,633730892,633731923,633731923,566,Pair_45
TraesCS1B02G406000,-1,1B,,633732218,633732490,633732490,NA,Pair_45
TraesCS1B02G406400,1,1B,,633744345,633744599,633744345,313,Pair_46
TraesCS1B02G406500,1,1B,,633744659,633744835,633744659,NA,Pair_46
TraesCS1B02G406600,1,1B,,633746674,633747143,633746674,655,Pair_47
TraesCS1B02G406700,1,1B,,633747330,633749140,633747330,NA,Pair_47
TraesCS1B02G429300,-1,1B,,654030142,654031292,654031292,751,Pair_48
TraesCS1B02G429400,-1,1B,,654031610,654032044,654032044,NA,Pair_48
TraesCS1B02G457800,1,1B,,672473791,672474324,672473791,838,Pair_49
TraesCS1B02G457900,1,1B,,672474630,672475517,672474630,NA,Pair_49
TraesCS1B02G460800,1,1B,,674075840,674076040,674075840,815,Pair_50
TraesCS1B02G460900,1,1B,,674076656,674077072,674076656,NA,Pair_50
TraesCS1D02G051100,-1,1D,,31353322,31356059,31356059,940,Pair_51
TraesCS1D02G051200,-1,1D,,31356692,31357000,31357000,NA,Pair_51
TraesCS1D02G058516,-1,1D,,38587885,38588340,38588340,503,Pair_52
TraesCS1D02G058517,-1,1D,,38588371,38588844,38588844,NA,Pair_52
TraesCS1D02G067703,-1,1D,,49574965,49575636,49575636,575,Pair_53
TraesCS1D02G067708,-1,1D,,49575757,49576212,49576212,NA,Pair_53
TraesCS1D02G070400,-1,1D,ATP synthase subunit alpha [Source:UniProtKB/TrEMBL;Acc:A0A341PD13],51828702,51830173,51830173,332,Pair_54
TraesCS1D02G070500,-1,1D,,51830243,51830506,51830506,NA,Pair_54
TraesCS1D02G071100,-1,1D,Photosystem II reaction center protein I [Source:UniProtKB/Swiss-Prot;Acc:P62104],51877217,51877327,51877327,595,Pair_55
TraesCS1D02G071200,-1,1D,,51877729,51877923,51877923,NA,Pair_55
TraesCS1D02G071500,1,1D,,51917189,51917443,51917189,313,Pair_56
TraesCS1D02G071600,1,1D,,51917503,51917679,51917503,NA,Pair_56
TraesCS1D02G076700,-1,1D,,58762025,58763449,58763449,742,Pair_57
TraesCS1D02G076800,-1,1D,,58763506,58764192,58764192,NA,Pair_57
TraesCS1D02G134900,-1,1D,,176206318,176206494,176206494,313,Pair_58
TraesCS1D02G135000,-1,1D,,176206554,176206808,176206808,NA,Pair_58
TraesCS1D02G136100,1,1D,NADH-ubiquinone oxidoreductase chain 3 [Source:UniProtKB/TrEMBL;Acc:A0A341PJ13],180356349,180356660,180356349,657,Pair_59
TraesCS1D02G136200,1,1D,,180357007,180357438,180357007,NA,Pair_59
TraesCS1D02G137100,1,1D,NADH-ubiquinone oxidoreductase chain 3 [Source:UniProtKB/TrEMBL;Acc:A0A341PJ35],185763081,185763510,185763081,473,Pair_60
TraesCS1D02G137200,1,1D,,185763555,185763812,185763555,NA,Pair_60
TraesCS1D02G169700,-1,1D,"NAD(P)H-quinone oxidoreductase subunit J, chloroplastic [Source:UniProtKB/TrEMBL;Acc:W5AGJ4]",244199670,244200158,244200158,456,Pair_61
TraesCS1D02G169800,-1,1D,,244200250,244200615,244200615,NA,Pair_61
TraesCS1D02G169900,1,1D,,244392800,244393366,244392800,578,Pair_62
TraesCS1D02G170000,1,1D,,244393379,244393885,244393379,NA,Pair_62
TraesCS1D02G170400,-1,1D,,244407132,244407275,244407275,362,Pair_63
TraesCS1D02G170500,-1,1D,,244407519,244407638,244407638,NA,Pair_63
TraesCS1D02G170800,1,1D,Cytochrome b6-f complex subunit 6 [Source:UniProtKB/TrEMBL;Acc:A0A341PSY6],244444478,244444573,244444478,274,Pair_64
TraesCS1D02G170900,1,1D,,244444753,244444866,244444753,NA,Pair_64
TraesCS1D02G171500,-1,1D,,244766921,244767352,244767352,521,Pair_65
TraesCS1D02G171600,-1,1D,,244767443,244767874,244767874,NA,Pair_65
TraesCS1D02G178900,1,1D,,254384954,254385208,254384954,313,Pair_66
TraesCS1D02G179000,1,1D,,254385268,254385444,254385268,NA,Pair_66
TraesCS1D02G179100,1,1D,,254387863,254388333,254387863,769,Pair_67
TraesCS1D02G179200,1,1D,,254388633,254393904,254388633,NA,Pair_67
TraesCS1D02G180100,1,1D,,254417216,254417410,254417216,584,Pair_68
TraesCS1D02G180200,1,1D,Photosystem II reaction center protein I [Source:UniProtKB/Swiss-Prot;Acc:P62104],254417801,254417911,254417801,NA,Pair_68
TraesCS1D02G180900,1,1D,,254460860,254461114,254460860,354,Pair_69
TraesCS1D02G181000,1,1D,ATP synthase subunit alpha [Source:UniProtKB/TrEMBL;Acc:A0A341PH55],254461215,254462850,254461215,NA,Pair_69
TraesCS1D02G181200,-1,1D,,254475375,254475853,254475853,777,Pair_70
TraesCS1D02G181300,-1,1D,,254475954,254476631,254476631,NA,Pair_70
TraesCS1D02G181800,-1,1D,,254488210,254488353,254488353,220,Pair_71
TraesCS1D02G181900,-1,1D,Photosystem II reaction center protein L [Source:UniProtKB/Swiss-Prot;Acc:P60140],254488458,254488574,254488574,NA,Pair_71
TraesCS1D02G181900,-1,1D,Photosystem II reaction center protein L [Source:UniProtKB/Swiss-Prot;Acc:P60140],254488458,254488574,254488574,141,Pair_72
TraesCS1D02G182000,-1,1D,,254488597,254488716,254488716,NA,Pair_72
TraesCS1D02G182000,-1,1D,,254488597,254488716,254488716,261,Pair_73
TraesCS1D02G182100,-1,1D,,254488727,254488978,254488978,NA,Pair_73
TraesCS1D02G182200,1,1D,Cytochrome b6-f complex subunit 6 [Source:UniProtKB/TrEMBL;Acc:S4Z3G8],254490129,254490224,254490129,274,Pair_74
TraesCS1D02G182300,1,1D,,254490404,254490517,254490404,NA,Pair_74
TraesCS1D02G182300,1,1D,,254490404,254490517,254490404,846,Pair_75
TraesCS1D02G182400,1,1D,,254491251,254491379,254491251,NA,Pair_75
TraesCS1D02G183300,-1,1D,,254523717,254524090,254524090,503,Pair_76
TraesCS1D02G183400,-1,1D,,254524151,254524594,254524594,NA,Pair_76
TraesCS1D02G183900,1,1D,,254532613,254532849,254532613,381,Pair_77
TraesCS1D02G184000,1,1D,,254532995,254534175,254532995,NA,Pair_77
TraesCS1D02G188300,1,1D,,260892267,260892452,260892267,584,Pair_78
TraesCS1D02G188400,1,1D,,260892852,260892962,260892852,NA,Pair_78
TraesCS1D02G191200,1,1D,,265672332,265672985,265672332,661,Pair_79
TraesCS1D02G191300,1,1D,,265672994,265675346,265672994,NA,Pair_79
TraesCS1D02G205000,-1,1D,,290505544,290506032,290506032,768,Pair_80
TraesCS1D02G205100,-1,1D,,290506124,290506801,290506801,NA,Pair_80
TraesCS1D02G269800,1,1D,,365082428,365082682,365082428,639,Pair_81
TraesCS1D02G269900,1,1D,,365083068,365083583,365083068,NA,Pair_81
TraesCS1D02G286500,-1,1D,,384835782,384844216,384844216,895,Pair_82
TraesCS1D02G286600,-1,1D,Histone H4 [Source:UniProtKB/TrEMBL;Acc:A0A077RYQ1],384844506,384845112,384845112,NA,Pair_82
TraesCS1D02G295200,-1,1D,Photosystem II reaction center protein L [Source:UniProtKB/Swiss-Prot;Acc:P60140],394176613,394176729,394176729,141,Pair_83
TraesCS1D02G295300,-1,1D,Cytochrome b559 subunit beta [Source:UniProtKB/TrEMBL;Acc:S4Z9C6],394176752,394176871,394176871,NA,Pair_83
TraesCS1D02G295300,-1,1D,Cytochrome b559 subunit beta [Source:UniProtKB/TrEMBL;Acc:S4Z9C6],394176752,394176871,394176871,261,Pair_84
TraesCS1D02G295400,-1,1D,Cytochrome b559 subunit alpha [Source:UniProtKB/Swiss-Prot;Acc:P69386],394176882,394177133,394177133,NA,Pair_84
TraesCS1D02G298600,-1,1D,,397087174,397087452,397087452,991,Pair_85
TraesCS1D02G298700,-1,1D,,397088283,397088444,397088444,NA,Pair_85
TraesCS1D02G298800,1,1D,,397089360,397089737,397089360,443,Pair_86
TraesCS1D02G298900,1,1D,,397089804,397090022,397089804,NA,Pair_86
TraesCS1D02G323400,1,1D,,416125454,416125831,416125454,934,Pair_87
TraesCS1D02G323500,1,1D,,416126389,416128772,416126389,NA,Pair_87
TraesCS1D02G334000,1,1D,,423881990,423882890,423881990,954,Pair_88
TraesCS1D02G334100,1,1D,,423882945,423883394,423882945,NA,Pair_88
TraesCS1D02G408400,-1,1D,,470732366,470733565,470733565,713,Pair_89
TraesCS1D02G408500,-1,1D,,470733830,470734279,470734279,NA,Pair_89
TraesCS1D02G435300,-1,1D,,483920600,483920800,483920800,568,Pair_90
TraesCS1D02G435400,-1,1D,,483921241,483921369,483921369,NA,Pair_90
TraesCS1D02G435400,-1,1D,,483921241,483921369,483921369,884,Pair_91
TraesCS1D02G435500,-1,1D,Cytochrome b6-f complex subunit 5 [Source:UniProtKB/TrEMBL;Acc:S4Z394],483922141,483922254,483922254,NA,Pair_91
TraesCS1D02G435500,-1,1D,Cytochrome b6-f complex subunit 5 [Source:UniProtKB/TrEMBL;Acc:S4Z394],483922141,483922254,483922254,273,Pair_92
TraesCS1D02G435600,-1,1D,Cytochrome b6-f complex subunit 6 [Source:UniProtKB/TrEMBL;Acc:S4Z3G8],483922433,483922528,483922528,NA,Pair_92
TraesCS1D02G435900,1,1D,,484113668,484113868,484113668,808,Pair_93
TraesCS1D02G436000,1,1D,,484114477,484114892,484114477,NA,Pair_93
TraesCS2A02G054700,1,2A,,23190805,23191128,23190805,659,Pair_94
TraesCS2A02G054800,1,2A,,23191465,23191911,23191465,NA,Pair_94
TraesCS2A02G083100,1,2A,,38299127,38299348,38299127,675,Pair_95
TraesCS2A02G083200,1,2A,,38299803,38300000,38299803,NA,Pair_95
TraesCS2A02G148300,1,2A,,94317649,94318287,94317649,718,Pair_96
TraesCS2A02G148400,1,2A,,94318368,94318808,94318368,NA,Pair_96
TraesCS2A02G232500,1,2A,,276441802,276442053,276441802,403,Pair_97
TraesCS2A02G232600,1,2A,,276442206,276442322,276442206,NA,Pair_97
TraesCS2A02G240800,-1,2A,,335825182,335825301,335825301,260,Pair_98
TraesCS2A02G240900,-1,2A,,335825312,335825562,335825562,NA,Pair_98
TraesCS2A02G241100,1,2A,Cytochrome b6-f complex subunit 6 [Source:UniProtKB/TrEMBL;Acc:A0A341PZX7],335826693,335826806,335826693,291,Pair_99
TraesCS2A02G241200,1,2A,Cytochrome b6-f complex subunit 5 [Source:UniProtKB/Swiss-Prot;Acc:P69463],335826985,335827098,335826985,NA,Pair_99
TraesCS2A02G241300,-1,2A,,335828438,335828914,335828914,504,Pair_100
TraesCS2A02G241400,-1,2A,,335829027,335829419,335829419,NA,Pair_100
TraesCS2A02G241400,-1,2A,,335829027,335829419,335829419,291,Pair_101
TraesCS2A02G241500,-1,2A,,335829496,335829711,335829711,NA,Pair_101
TraesCS2A02G241500,-1,2A,,335829496,335829711,335829711,756,Pair_102
TraesCS2A02G241600,-1,2A,,335830275,335830468,335830468,NA,Pair_102
TraesCS2A02G242200,-1,2A,,335843890,335844066,335844066,313,Pair_103
TraesCS2A02G242300,-1,2A,,335844126,335844380,335844380,NA,Pair_103
TraesCS2A02G255780,1,2A,,391862813,391863685,391862813,423,Pair_104
TraesCS2A02G255785,1,2A,,391863237,391867659,391863237,NA,Pair_104
TraesCS2A02G316100,-1,2A,,541843316,541846663,541846663,830,Pair_105
TraesCS2A02G316200,-1,2A,,541847156,541847494,541847494,NA,Pair_105
TraesCS2A02G375400,1,2A,Similar to Alpha-amylase/subtilisin inhibitor (RASI) [Source: Projected from Oryza sativa (Os04g0526600)],617845295,617845886,617845295,982,Pair_106
TraesCS2A02G375500,1,2A,,617846278,617847222,617846278,NA,Pair_106
TraesCS2A02G478045,1,2A,,716998516,716999292,716998516,780,Pair_107
TraesCS2A02G478046,1,2A,,716999297,716999743,716999297,NA,Pair_107
TraesCS2A02G523000,1,2A,,744979658,744979783,744979658,199,Pair_108
TraesCS2A02G523100,1,2A,,744979858,744981747,744979858,NA,Pair_108
TraesCS2B02G047600,-1,2B,Dirigent protein [Source:UniProtKB/TrEMBL;Acc:A0A1D5U8J2],23596456,23597365,23597365,409,Pair_109
TraesCS2B02G047700,-1,2B,Dirigent protein [Source:UniProtKB/TrEMBL;Acc:A0A341QGW2],23597470,23597775,23597775,NA,Pair_109
TraesCS2B02G129800,-1,2B,,97371840,97390369,97390369,885,Pair_110
TraesCS2B02G129900,-1,2B,,97390902,97391255,97391255,NA,Pair_110
TraesCS2B02G176100,1,2B,,151102885,151103481,151102885,695,Pair_111
TraesCS2B02G176200,1,2B,,151103581,151104363,151103581,NA,Pair_111
TraesCS2B02G210300,1,2B,,193390059,193390313,193390059,698,Pair_112
TraesCS2B02G210400,1,2B,,193390758,193391786,193390758,NA,Pair_112
TraesCS2B02G268600,-1,2B,,363486580,363487499,363487499,261,Pair_113
TraesCS2B02G268500,-1,2B,,363484204,363487761,363487761,NA,Pair_113
TraesCS2B02G270800,-1,2B,,369622714,369623187,369623187,452,Pair_114
TraesCS2B02G270900,-1,2B,,369623269,369623640,369623640,NA,Pair_114
TraesCS2B02G282100,-1,2B,Dirigent protein [Source:UniProtKB/TrEMBL;Acc:A0A341QYD9],390804247,390804850,390804850,952,Pair_115
TraesCS2B02G282200,-1,2B,Dirigent protein [Source:UniProtKB/TrEMBL;Acc:A0A341QS28],390805187,390805803,390805803,NA,Pair_115
TraesCS2B02G330500,1,2B,,474900493,474900687,474900493,584,Pair_116
TraesCS2B02G330600,1,2B,,474901078,474901188,474901078,NA,Pair_116
TraesCS2B02G403600,1,2B,,572078859,572079434,572078859,933,Pair_117
TraesCS2B02G403700,1,2B,,572079793,572080361,572079793,NA,Pair_117
TraesCS2B02G448800,1,2B,,641859339,641859593,641859339,313,Pair_118
TraesCS2B02G448900,1,2B,,641859653,641859829,641859653,NA,Pair_118
TraesCS2B02G538300,-1,2B,,733730631,733732147,733732147,786,Pair_119
TraesCS2B02G538400,-1,2B,,733732194,733732934,733732934,NA,Pair_119
TraesCS2B02G552700,1,2B,,748700757,748700882,748700757,200,Pair_120
TraesCS2B02G552800,1,2B,,748700958,748702859,748700958,NA,Pair_120
TraesCS2B02G597600,1,2B,,780860715,780861167,780860715,570,Pair_121
TraesCS2B02G597700,1,2B,,780861286,780870182,780861286,NA,Pair_121
TraesCS2D02G020800,1,2D,,9785294,9785488,9785294,584,Pair_122
TraesCS2D02G020900,1,2D,Photosystem II reaction center protein I [Source:UniProtKB/Swiss-Prot;Acc:P62104],9785879,9785989,9785879,NA,Pair_122
TraesCS2D02G079300,1,2D,"NAD(P)H-quinone oxidoreductase subunit 6, chloroplastic [Source:UniProtKB/Swiss-Prot;Acc:Q95H44]",33934810,33935341,33934810,743,Pair_123
TraesCS2D02G079400,1,2D,"NAD(P)H-quinone oxidoreductase subunit 4L, chloroplastic [Source:UniProtKB/TrEMBL;Acc:S4Z9J9]",33935554,33935859,33935554,NA,Pair_123
TraesCS2D02G111500,-1,2D,,62021017,62027798,62027798,929,Pair_124
TraesCS2D02G111600,-1,2D,,62028399,62028728,62028728,NA,Pair_124
TraesCS2D02G182100,1,2D,,126946630,126947313,126946630,974,Pair_125
TraesCS2D02G182200,1,2D,,126947605,126948291,126947605,NA,Pair_125
TraesCS2D02G243100,1,2D,,272797731,272798186,272797731,572,Pair_126
TraesCS2D02G243200,1,2D,,272798304,272798675,272798304,NA,Pair_126
TraesCS2D02G243200,1,2D,,272798304,272798675,272798304,508,Pair_127
TraesCS2D02G243300,1,2D,,272798813,272799223,272798813,NA,Pair_127
TraesCS2D02G243500,-1,2D,"NAD(P)H-quinone oxidoreductase subunit I, chloroplastic [Source:UniProtKB/TrEMBL;Acc:A0A341RB08]",272800921,272801469,272801469,303,Pair_128
TraesCS2D02G243600,-1,2D,,272801561,272801773,272801773,NA,Pair_128
TraesCS2D02G243700,-1,2D,,272803679,272804860,272804860,408,Pair_129
TraesCS2D02G243800,-1,2D,,272805006,272805269,272805269,NA,Pair_129
TraesCS2D02G250400,1,2D,,298837058,298840633,298837058,257,Pair_130
TraesCS2D02G250300,1,2D,,298837316,298838335,298837316,NA,Pair_130
TraesCS2D02G270500,-1,2D,,334224676,334224792,334224792,141,Pair_131
TraesCS2D02G270600,-1,2D,,334224815,334224934,334224934,NA,Pair_131
TraesCS2D02G270600,-1,2D,,334224815,334224934,334224934,261,Pair_132
TraesCS2D02G270700,-1,2D,Cytochrome b559 subunit alpha [Source:UniProtKB/TrEMBL;Acc:S4Z0B1],334224945,334225196,334225196,NA,Pair_132
TraesCS2D02G270800,1,2D,Cytochrome b6-f complex subunit 6 [Source:UniProtKB/TrEMBL;Acc:S4Z3G8],334226349,334226444,334226349,271,Pair_133
TraesCS2D02G270900,1,2D,,334226621,334226734,334226621,NA,Pair_133
TraesCS2D02G297700,1,2D,,380088769,380089413,380088769,689,Pair_134
TraesCS2D02G297800,1,2D,,380089459,380091459,380089459,NA,Pair_134
TraesCS2D02G477278,1,2D,,579327834,579328349,579327834,778,Pair_135
TraesCS2D02G477283,1,2D,,579328613,579329466,579328613,NA,Pair_135
TraesCS2D02G524900,1,2D,,613322109,613322240,613322109,212,Pair_136
TraesCS2D02G525000,1,2D,,613322322,613324280,613322322,NA,Pair_136
TraesCS2D02G572800,1,2D,,638423127,638423594,638423127,612,Pair_137
TraesCS2D02G572900,1,2D,,638423740,638424178,638423740,NA,Pair_137
TraesCS2D02G572900,1,2D,,638423740,638424178,638423740,818,Pair_138
TraesCS2D02G573000,1,2D,,638424559,638425053,638424559,NA,Pair_138
TraesCS2D02G573000,1,2D,,638424559,638425053,638424559,961,Pair_139
TraesCS2D02G573100,1,2D,Photosystem II reaction center protein Z [Source:UniProtKB/TrEMBL;Acc:A0A341RMN5],638425521,638425733,638425521,NA,Pair_139
TraesCS2D02G575300,1,2D,,639460408,639460917,639460408,556,Pair_140
TraesCS2D02G575400,1,2D,,639460965,639461596,639460965,NA,Pair_140
TraesCS2D02G581000,1,2D,NADH-ubiquinone oxidoreductase chain 3 [Source:UniProtKB/TrEMBL;Acc:A0A341RMX1],642938785,642939141,642938785,400,Pair_141
TraesCS2D02G581100,1,2D,,642939186,642939563,642939186,NA,Pair_141
TraesCS3A02G032700,-1,3A,,18835991,18836813,18836813,491,Pair_142
TraesCS3A02G032800,-1,3A,,18836889,18837305,18837305,NA,Pair_142
TraesCS3A02G038600,-1,3A,,20725156,20727749,20727749,817,Pair_143
TraesCS3A02G038500,-1,3A,,20718318,20728567,20728567,NA,Pair_143
TraesCS3A02G051300,1,3A,,27581973,27582194,27581973,744,Pair_144
TraesCS3A02G051400,1,3A,,27582718,27582939,27582718,NA,Pair_144
TraesCS3A02G051400,1,3A,,27582718,27582939,27582718,744,Pair_145
TraesCS3A02G051500,1,3A,,27583463,27583684,27583463,NA,Pair_145
TraesCS3A02G051500,1,3A,,27583463,27583684,27583463,744,Pair_146
TraesCS3A02G051600,1,3A,,27584208,27584414,27584208,NA,Pair_146
TraesCS3A02G051600,1,3A,,27584208,27584414,27584208,744,Pair_147
TraesCS3A02G051700,1,3A,,27584953,27585174,27584953,NA,Pair_147
TraesCS3A02G055700,-1,3A,,32152342,32152995,32152995,336,Pair_148
TraesCS3A02G055600,-1,3A,Similar to 14-3-3 protein 6 [Source: Projected from Oryza sativa (Os02g0580300)],32150045,32153332,32153332,NA,Pair_148
TraesCS3A02G136000,1,3A,,113709059,113709280,113709059,709,Pair_149
TraesCS3A02G136100,1,3A,,113709769,113714514,113709769,NA,Pair_149
TraesCS3A02G173700,1,3A,NADH-ubiquinone oxidoreductase chain 3 [Source:UniProtKB/TrEMBL;Acc:Q332N0],191856550,191856906,191856550,778,Pair_150
TraesCS3A02G173800,1,3A,,191857329,191857823,191857329,NA,Pair_150
TraesCS3A02G215800,-1,3A,,393237894,393238214,393238214,476,Pair_151
TraesCS3A02G215900,-1,3A,,393238221,393238691,393238691,NA,Pair_151
TraesCS3A02G284900,-1,3A,CASP-like protein [Source:UniProtKB/TrEMBL;Acc:A0A341RWV8],513892452,513895983,513895983,560,Pair_152
TraesCS3A02G284911,-1,3A,,513895990,513896544,513896544,NA,Pair_152
TraesCS3A02G285300,-1,3A,,514108416,514108649,514108649,797,Pair_153
TraesCS3A02G285400,-1,3A,,514109217,514109447,514109447,NA,Pair_153
TraesCS3A02G297800,-1,3A,,532452789,532454012,532454012,800,Pair_154
TraesCS3A02G297900,-1,3A,,532454043,532454813,532454813,NA,Pair_154
TraesCS3A02G345600,-1,3A,,594898243,594898383,594898383,751,Pair_155
TraesCS3A02G345700,-1,3A,,594898974,594899135,594899135,NA,Pair_155
TraesCS3A02G416600,1,3A,,659026137,659026628,659026137,816,Pair_156
TraesCS3A02G416700,1,3A,,659026954,659038375,659026954,NA,Pair_156
TraesCS3A02G418900,-1,3A,,660513832,660515598,660515598,565,Pair_157
TraesCS3A02G418890,-1,3A,,660508776,660516164,660516164,NA,Pair_157
TraesCS3A02G430000,-1,3A,,672876386,672876691,672876691,741,Pair_158
TraesCS3A02G430100,-1,3A,,672876903,672877433,672877433,NA,Pair_158
TraesCS3A02G430100,-1,3A,,672876903,672877433,672877433,809,Pair_159
TraesCS3A02G430200,-1,3A,"NAD(P)H-quinone oxidoreductase subunit I, chloroplastic [Source:UniProtKB/TrEMBL;Acc:A0A341S7G7]",672877698,672878243,672878243,NA,Pair_159
TraesCS3A02G430200,-1,3A,"NAD(P)H-quinone oxidoreductase subunit I, chloroplastic [Source:UniProtKB/TrEMBL;Acc:A0A341S7G7]",672877698,672878243,672878243,303,Pair_160
TraesCS3A02G430300,-1,3A,,672878335,672878547,672878547,NA,Pair_160
TraesCS3A02G431000,-1,3A,,672908627,672908767,672908767,750,Pair_161
TraesCS3A02G431100,-1,3A,,672909357,672909518,672909518,NA,Pair_161
TraesCS3A02G431400,1,3A,,672910881,672911130,672910881,311,Pair_162
TraesCS3A02G431500,1,3A,,672911193,672911408,672911193,NA,Pair_162
TraesCS3A02G431500,1,3A,,672911193,672911408,672911193,292,Pair_163
TraesCS3A02G431600,1,3A,,672911486,672911935,672911486,NA,Pair_163
TraesCS3A02G431700,1,3A,,672914411,672914782,672914411,508,Pair_164
TraesCS3A02G431800,1,3A,,672914920,672915330,672914920,NA,Pair_164
TraesCS3A02G431800,1,3A,,672914920,672915330,672914920,489,Pair_165
TraesCS3A02G431900,1,3A,,672915410,672915745,672915410,NA,Pair_165
TraesCS3A02G431900,1,3A,,672915410,672915745,672915410,735,Pair_166
TraesCS3A02G432000,1,3A,,672916146,672916577,672916146,NA,Pair_166
TraesCS3A02G512100,-1,3A,,731893155,731893571,731893571,811,Pair_167
TraesCS3A02G512200,-1,3A,,731893601,731894383,731894383,NA,Pair_167
TraesCS3A02G515000,1,3A,,733472683,733473480,733472683,971,Pair_168
TraesCS3A02G515100,1,3A,,733473655,733475708,733473655,NA,Pair_168
TraesCS3B02G008700,-1,3B,,4327923,4331959,4331959,603,Pair_169
TraesCS3B02G008800,-1,3B,,4332116,4332563,4332563,NA,Pair_169
TraesCS3B02G029600,1,3B,,13510569,13511438,13510569,890,Pair_170
TraesCS3B02G029700,1,3B,,13511460,13511762,13511460,NA,Pair_170
TraesCS3B02G066700,-1,3B,,39639034,39640032,39640032,945,Pair_171
TraesCS3B02G066600,-1,3B,,39632510,39640978,39640978,NA,Pair_171
TraesCS3B02G066900,1,3B,,39816617,39817036,39816617,490,Pair_172
TraesCS3B02G067000,1,3B,Cytochrome c oxidase subunit 1 [Source:UniProtKB/TrEMBL;Acc:A0A1D5VQB1],39817108,39818163,39817108,NA,Pair_172
TraesCS3B02G068100,-1,3B,,40246155,40246814,40246814,346,Pair_173
TraesCS3B02G068000,-1,3B,Similar to 14-3-3 protein 6 [Source: Projected from Oryza sativa (Os02g0580300)],40243799,40247161,40247161,NA,Pair_173
TraesCS3B02G109900,-1,3B,,75956662,75957264,75957264,783,Pair_174
TraesCS3B02G110000,-1,3B,,75957314,75958048,75958048,NA,Pair_174
TraesCS3B02G122000,-1,3B,,92295543,92295734,92295734,938,Pair_175
TraesCS3B02G122100,-1,3B,,92296347,92296673,92296673,NA,Pair_175
TraesCS3B02G125700,1,3B,,101912416,101912556,101912416,256,Pair_176
TraesCS3B02G125800,1,3B,,101912673,101913242,101912673,NA,Pair_176
TraesCS3B02G185700,-1,3B,"NAD(P)H-quinone oxidoreductase subunit K, chloroplastic [Source:Projected from Arabidopsis thaliana (ATCG00430) UniProtKB/TrEMBL;Acc:A0A1B1W4U5]",201491959,201492390,201492390,658,Pair_177
TraesCS3B02G185800,-1,3B,"NAD(P)H-quinone oxidoreductase subunit 3, chloroplastic [Source:Projected from Arabidopsis thaliana (ATCG00440) UniProtKB/TrEMBL;Acc:A0A1B1W4V1]",201492687,201493049,201493049,NA,Pair_177
TraesCS3B02G186200,1,3B,Photosystem I reaction center subunit VIII [Source:UniProtKB/TrEMBL;Acc:A0A341SM24],201500912,201501022,201500912,441,Pair_178
TraesCS3B02G186300,1,3B,,201501354,201501911,201501354,NA,Pair_178
TraesCS3B02G186400,-1,3B,,201505080,201505223,201505223,221,Pair_179
TraesCS3B02G186500,-1,3B,Photosystem II reaction center protein L [Source:UniProtKB/Swiss-Prot;Acc:P60140],201505328,201505445,201505445,NA,Pair_179
TraesCS3B02G186500,-1,3B,Photosystem II reaction center protein L [Source:UniProtKB/Swiss-Prot;Acc:P60140],201505328,201505445,201505445,141,Pair_180
TraesCS3B02G186600,-1,3B,,201505468,201505587,201505587,NA,Pair_180
TraesCS3B02G186600,-1,3B,,201505468,201505587,201505587,261,Pair_181
TraesCS3B02G186700,-1,3B,Cytochrome b559 subunit alpha [Source:UniProtKB/TrEMBL;Acc:A0A077RQZ4],201505598,201505849,201505849,NA,Pair_181
TraesCS3B02G186900,1,3B,Cytochrome b6-f complex subunit 6 [Source:UniProtKB/TrEMBL;Acc:A0A341SH95],201507007,201507102,201507007,274,Pair_182
TraesCS3B02G187000,1,3B,,201507282,201507395,201507282,NA,Pair_182
TraesCS3B02G188000,-1,3B,,201536098,201536274,201536274,313,Pair_183
TraesCS3B02G188100,-1,3B,,201536334,201536588,201536588,NA,Pair_183
TraesCS3B02G188800,-1,3B,"NAD(P)H-quinone oxidoreductase chain 4, chloroplastic [Source:UniProtKB/TrEMBL;Acc:A0A341SBU5]",201556087,201557762,201557762,501,Pair_184
TraesCS3B02G188900,-1,3B,,201558019,201558264,201558264,NA,Pair_184
TraesCS3B02G189000,-1,3B,,201559243,201559773,201559773,811,Pair_185
TraesCS3B02G189100,-1,3B,"NAD(P)H-quinone oxidoreductase subunit I, chloroplastic [Source:UniProtKB/TrEMBL;Acc:A0A341SM48]",201560037,201560585,201560585,NA,Pair_185
TraesCS3B02G189100,-1,3B,"NAD(P)H-quinone oxidoreductase subunit I, chloroplastic [Source:UniProtKB/TrEMBL;Acc:A0A341SM48]",201560037,201560585,201560585,303,Pair_186
TraesCS3B02G189200,-1,3B,,201560677,201560889,201560889,NA,Pair_186
TraesCS3B02G226000,1,3B,Cytochrome b6-f complex subunit 6 [Source:UniProtKB/TrEMBL;Acc:A0A341SD63],312893745,312893858,312893745,291,Pair_187
TraesCS3B02G226100,1,3B,,312894037,312894150,312894037,NA,Pair_187
TraesCS3B02G272700,-1,3B,Fasciclin-like protein FLA14 [Source:UniProtKB/TrEMBL;Acc:Q06I92],439333087,439333824,439333824,734,Pair_188
TraesCS3B02G272800,-1,3B,,439334320,439334559,439334559,NA,Pair_188
TraesCS3B02G281900,1,3B,,452548555,452548905,452548555,762,Pair_189
TraesCS3B02G282000,1,3B,,452549318,452554981,452549318,NA,Pair_189
TraesCS3B02G301400,1,3B,NADH-ubiquinone oxidoreductase chain 3 [Source:UniProtKB/TrEMBL;Acc:A0A1D5WBE9],483373316,483373615,483373316,399,Pair_190
TraesCS3B02G301500,1,3B,,483373716,483374093,483373716,NA,Pair_190
TraesCS3B02G319200,-1,3B,,513993540,513993773,513993773,797,Pair_191
TraesCS3B02G319300,-1,3B,,513994341,513994571,513994571,NA,Pair_191
TraesCS3B02G364000,-1,3B,,575767645,575767920,575767920,501,Pair_192
TraesCS3B02G364100,-1,3B,NADH-ubiquinone oxidoreductase chain 3 [Source:UniProtKB/TrEMBL;Acc:A0A341SPD5],575768138,575768422,575768422,NA,Pair_192
TraesCS3B02G454200,-1,3B,,695559996,695561762,695561762,525,Pair_193
TraesCS3B02G454190,-1,3B,,695554791,695562288,695562288,NA,Pair_193
TraesCS3B02G459400,-1,3B,,703007090,703007395,703007395,272,Pair_194
TraesCS3B02G459500,-1,3B,,703007456,703007668,703007668,NA,Pair_194
TraesCS3B02G489300,-1,3B,,735130549,735130956,735130956,645,Pair_195
TraesCS3B02G489400,-1,3B,,735130970,735131602,735131602,NA,Pair_195
TraesCS3B02G507200,-1,3B,,750900638,750901192,750901192,608,Pair_196
TraesCS3B02G507300,-1,3B,,750901481,750901801,750901801,NA,Pair_196
TraesCS3B02G513900,-1,3B,,756707597,756708143,756708143,891,Pair_197
TraesCS3B02G514000,-1,3B,,756708469,756709035,756709035,NA,Pair_197
TraesCS3B02G532300,-1,3B,,773025214,773036095,773036095,253,Pair_198
TraesCS3B02G532305,-1,3B,,773034525,773036349,773036349,NA,Pair_198
TraesCS3D02G001000,1,3D,,640906,641478,640906,599,Pair_199
TraesCS3D02G001100,1,3D,,641506,643820,641506,NA,Pair_199
TraesCS3D02G005500,-1,3D,,2147110,2150436,2150436,836,Pair_200
TraesCS3D02G005600,-1,3D,,2150758,2151273,2151273,NA,Pair_200
TraesCS3D02G052600,-1,3D,,21896070,21896213,21896213,220,Pair_201
TraesCS3D02G052700,-1,3D,Photosystem II reaction center protein L [Source:UniProtKB/TrEMBL;Acc:S4Z1Y4],21896318,21896434,21896434,NA,Pair_201
TraesCS3D02G052700,-1,3D,Photosystem II reaction center protein L [Source:UniProtKB/TrEMBL;Acc:S4Z1Y4],21896318,21896434,21896434,403,Pair_202
TraesCS3D02G052800,-1,3D,,21896587,21896838,21896838,NA,Pair_202
TraesCS3D02G053000,1,3D,"50S ribosomal protein L33, chloroplastic [Source:UniProtKB/Swiss-Prot;Acc:Q95H56]",21899696,21899896,21899696,469,Pair_203
TraesCS3D02G053100,1,3D,,21900166,21900678,21900166,NA,Pair_203
TraesCS3D02G057800,-1,3D,,24167026,24167397,24167397,572,Pair_204
TraesCS3D02G057900,-1,3D,,24167527,24167970,24167970,NA,Pair_204
TraesCS3D02G092100,1,3D,,46485795,46486328,46485795,592,Pair_205
TraesCS3D02G092200,1,3D,,46486388,46487245,46486388,NA,Pair_205
TraesCS3D02G095800,1,3D,,48687631,48687884,48687631,312,Pair_206
TraesCS3D02G095900,1,3D,,48687944,48688120,48687944,NA,Pair_206
TraesCS3D02G137300,-1,3D,,95956385,95957470,95957470,763,Pair_207
TraesCS3D02G137400,-1,3D,,95957947,95958234,95958234,NA,Pair_207
TraesCS3D02G386800,1,3D,,501885156,501885497,501885156,822,Pair_208
TraesCS3D02G386900,1,3D,,501885979,501886587,501885979,NA,Pair_208
TraesCS3D02G395500,-1,3D,,511255589,511257799,511257799,967,Pair_209
TraesCS3D02G395600,-1,3D,,511258111,511258767,511258767,NA,Pair_209
TraesCS3D02G409300,1,3D,,523330239,523331144,523330239,944,Pair_210
TraesCS3D02G409311,1,3D,,523331184,523331522,523331184,NA,Pair_210
TraesCS3D02G474100,1,3D,,575535370,575535882,575535370,675,Pair_211
TraesCS3D02G474200,1,3D,,575536046,575537832,575536046,NA,Pair_211
TraesCS3D02G498800,1,3D,,589266455,589266709,589266455,312,Pair_212
TraesCS3D02G498900,1,3D,,589266768,589266944,589266768,NA,Pair_212
TraesCS3D02G499200,-1,3D,,589278164,589278304,589278304,750,Pair_213
TraesCS3D02G499300,-1,3D,,589278894,589279055,589279055,NA,Pair_213
TraesCS4A02G009300,-1,4A,,5552163,5552543,5552543,897,Pair_214
TraesCS4A02G009311,-1,4A,,5553136,5553441,5553441,NA,Pair_214
TraesCS4A02G024500,-1,4A,,17095139,17095641,17095641,623,Pair_215
TraesCS4A02G024600,-1,4A,,17095797,17096265,17096265,NA,Pair_215
TraesCS4A02G024700,-1,4A,,17098111,17098287,17098287,313,Pair_216
TraesCS4A02G024800,-1,4A,,17098347,17098601,17098601,NA,Pair_216
TraesCS4A02G099900,1,4A,Histone H2B [Source:UniProtKB/TrEMBL;Acc:W5E0R4],112767092,112767812,112767092,793,Pair_217
TraesCS4A02G100000,1,4A,,112767886,112771908,112767886,NA,Pair_217
TraesCS4A02G116500,-1,4A,,141128617,141129096,141129096,384,Pair_218
TraesCS4A02G116600,-1,4A,,141129197,141129481,141129481,NA,Pair_218
TraesCS4A02G141200,-1,4A,,219338358,219338886,219338886,794,Pair_219
TraesCS4A02G141300,-1,4A,"NAD(P)H-quinone oxidoreductase subunit I, chloroplastic [Source:UniProtKB/TrEMBL;Acc:A0A1D5XB45]",219339133,219339681,219339681,NA,Pair_219
TraesCS4A02G152200,1,4A,,309375004,309375435,309375004,531,Pair_220
TraesCS4A02G152300,1,4A,,309375536,309376016,309375536,NA,Pair_220
TraesCS4A02G152500,-1,4A,,309447319,309448062,309448062,964,Pair_221
TraesCS4A02G152700,-1,4A,,309448331,309449027,309449027,NA,Pair_221
TraesCS4A02G153800,1,4A,,309515619,309515780,309515619,751,Pair_222
TraesCS4A02G153900,1,4A,,309516371,309516511,309516371,NA,Pair_222
TraesCS4A02G154200,-1,4A,,310729745,310729855,310729855,585,Pair_223
TraesCS4A02G154300,-1,4A,,310730259,310730441,310730441,NA,Pair_223
TraesCS4A02G156100,1,4A,,310789252,310789914,310789252,821,Pair_224
TraesCS4A02G156200,1,4A,,310790074,310791575,310790074,NA,Pair_224
TraesCS4A02G183900,-1,4A,,462203101,462205056,462205056,334,Pair_225
TraesCS4A02G183800,-1,4A,,462202745,462205391,462205391,NA,Pair_225
TraesCS4A02G196100,1,4A,,478227516,478228331,478227516,908,Pair_226
TraesCS4A02G196200,1,4A,,478228425,478228727,478228425,NA,Pair_226
TraesCS4A02G273900,-1,4A,,584111584,584111871,584111871,886,Pair_227
TraesCS4A02G273800,-1,4A,,584108425,584112758,584112758,NA,Pair_227
TraesCS4A02G295400,-1,4A,,596165884,596166559,596166559,686,Pair_228
TraesCS4A02G295500,-1,4A,,596166617,596167246,596167246,NA,Pair_228
TraesCS4A02G332800,-1,4A,,616875589,616876473,616876473,298,Pair_229
TraesCS4A02G332700,-1,4A,,616839912,616876772,616876772,NA,Pair_229
TraesCS4A02G378700,1,4A,,656249761,656250309,656249761,653,Pair_230
TraesCS4A02G378800,1,4A,,656250415,656250909,656250415,NA,Pair_230
TraesCS4A02G383500,-1,4A,,661142846,661143542,661143542,447,Pair_231
TraesCS4A02G383400,-1,4A,,661121086,661143990,661143990,NA,Pair_231
TraesCS4A02G413600,1,4A,,684610626,684611318,684610626,724,Pair_232
TraesCS4A02G413700,1,4A,,684611351,684611656,684611351,NA,Pair_232
TraesCS4A02G451800,-1,4A,,717044334,717046665,717046665,890,Pair_233
TraesCS4A02G451811,-1,4A,,717047083,717047556,717047556,NA,Pair_233
TraesCS4A02G471900,1,4A,,732354894,732355298,732354894,594,Pair_234
TraesCS4A02G472000,1,4A,,732355489,732358287,732355489,NA,Pair_234
TraesCS4A02G476500,1,4A,,735003430,735004119,735003430,740,Pair_235
TraesCS4A02G476600,1,4A,,735004171,735007260,735004171,NA,Pair_235
TraesCS4A02G478200,-1,4A,,735660701,735662302,735662302,716,Pair_236
TraesCS4A02G478300,-1,4A,,735662375,735663019,735663019,NA,Pair_236
TraesCS4A02G489200,1,4A,,740306604,740307089,740306604,524,Pair_237
TraesCS4A02G489300,1,4A,,740307129,740308387,740307129,NA,Pair_237
TraesCS4A02G490500,-1,4A,,740587620,740589788,740589788,704,Pair_238
TraesCS4A02G490600,-1,4A,,740589873,740590493,740590493,NA,Pair_238
TraesCS4A02G494100,-1,4A,,742267879,742271007,742271007,656,Pair_239
TraesCS4A02G494200,-1,4A,,742271059,742271664,742271664,NA,Pair_239
TraesCS4B02G080500,-1,4B,,78484884,78487262,78487262,483,Pair_240
TraesCS4B02G080600,-1,4B,,78487573,78487746,78487746,NA,Pair_240
TraesCS4B02G131200,-1,4B,,171616566,171621111,171621111,443,Pair_241
TraesCS4B02G131300,-1,4B,,171621232,171621555,171621555,NA,Pair_241
TraesCS4B02G146200,1,4B,Ribosomal protein S7 [Source:UniProtKB/TrEMBL;Acc:A0A341TYP7],209112348,209112818,209112348,769,Pair_242
TraesCS4B02G146300,1,4B,,209113118,209113966,209113118,NA,Pair_242
TraesCS4B02G146700,1,4B,,209241616,209242062,209241616,518,Pair_243
TraesCS4B02G146800,1,4B,,209242135,209243094,209242135,NA,Pair_243
TraesCS4B02G159200,-1,4B,,308695083,308695337,308695337,259,Pair_244
TraesCS4B02G159300,-1,4B,,308695348,308695597,308695597,NA,Pair_244
TraesCS4B02G204300,-1,4B,,436308333,436311666,436311666,720,Pair_245
TraesCS4B02G204400,-1,4B,Histone H2B [Source:UniProtKB/TrEMBL;Acc:W5E8H6],436311669,436312387,436312387,NA,Pair_245
TraesCS4B02G238500,-1,4B,,495579414,495581658,495581658,772,Pair_246
TraesCS4B02G238600,-1,4B,,495581961,495582431,495582431,NA,Pair_246
TraesCS4B02G343285,-1,4B,,636969901,636970569,636970569,886,Pair_247
TraesCS4B02G343287,-1,4B,,636970983,636971456,636971456,NA,Pair_247
TraesCS4B02G343307,-1,4B,,636980768,636981553,636981553,518,Pair_248
TraesCS4B02G343309,-1,4B,,636981647,636982072,636982072,NA,Pair_248
TraesCS4D02G042700,1,4D,,19900384,19900629,19900384,694,Pair_249
TraesCS4D02G042800,1,4D,,19901079,19902445,19901079,NA,Pair_249
TraesCS4D02G043000,1,4D,,19912118,19912318,19912118,456,Pair_250
TraesCS4D02G043100,1,4D,,19912575,19913087,19912575,NA,Pair_250
TraesCS4D02G044100,1,4D,,19929063,19929224,19929063,751,Pair_251
TraesCS4D02G044200,1,4D,,19929815,19929955,19929815,NA,Pair_251
TraesCS4D02G060400,1,4D,,36441405,36449880,36441405,343,Pair_252
TraesCS4D02G060500,1,4D,,36441749,36443599,36441749,NA,Pair_252
TraesCS4D02G070900,1,4D,,46175987,46176385,46175987,983,Pair_253
TraesCS4D02G071000,1,4D,,46176971,46178425,46176971,NA,Pair_253
TraesCS4D02G083300,-1,4D,F-box/LRR-repeat protein 12 [Source:Projected from Arabidopsis thaliana (AT3G07550) UniProtKB/Swiss-Prot;Acc:Q9SRR1],57076214,57077374,57077374,383,Pair_254
TraesCS4D02G083400,-1,4D,,57077396,57077758,57077758,NA,Pair_254
TraesCS4D02G111300,-1,4D,,92200372,92200608,92200608,476,Pair_255
TraesCS4D02G111400,-1,4D,,92200777,92201085,92201085,NA,Pair_255
TraesCS4D02G129500,1,4D,,115121081,115124294,115121081,186,Pair_256
TraesCS4D02G129600,1,4D,,115121268,115123836,115121268,NA,Pair_256
TraesCS4D02G139100,-1,4D,,123519057,123519434,123519434,400,Pair_257
TraesCS4D02G139200,-1,4D,NADH-ubiquinone oxidoreductase chain 3 [Source:UniProtKB/TrEMBL;Acc:A0A341UD85],123519479,123519835,123519835,NA,Pair_257
TraesCS4D02G146300,-1,4D,,135004444,135004821,135004821,399,Pair_258
TraesCS4D02G146400,-1,4D,NADH-ubiquinone oxidoreductase chain 3 [Source:UniProtKB/TrEMBL;Acc:A0A341UH50],135004866,135005221,135005221,NA,Pair_258
TraesCS4D02G155100,-1,4D,Photosystem II reaction center protein Z [Source:UniProtKB/TrEMBL;Acc:A0A341UTH8],207067005,207067217,207067217,953,Pair_259
TraesCS4D02G155200,-1,4D,,207067773,207068171,207068171,NA,Pair_259
TraesCS4D02G155300,1,4D,,207363047,207363466,207363047,768,Pair_260
TraesCS4D02G155400,1,4D,,207363816,207366058,207363816,NA,Pair_260
TraesCS4D02G205200,-1,4D,,352751614,352754793,352754793,725,Pair_261
TraesCS4D02G205300,-1,4D,,352755070,352755519,352755519,NA,Pair_261
TraesCS4D02G283100,1,4D,,455248295,455252131,455248295,596,Pair_262
TraesCS4D02G283105,1,4D,,455248892,455252134,455248892,NA,Pair_262
TraesCS4D02G292100,1,4D,,463401424,463402247,463401424,994,Pair_263
TraesCS4D02G292200,1,4D,,463402419,463402529,463402419,NA,Pair_263
TraesCS4D02G320700,1,4D,NADH-ubiquinone oxidoreductase chain 3 [Source:UniProtKB/TrEMBL;Acc:A0A341UZS9],483697360,483697645,483697360,399,Pair_264
TraesCS4D02G320800,1,4D,,483697760,483698137,483697760,NA,Pair_264
TraesCS4D02G330000,1,4D,,488495298,488495971,488495298,770,Pair_265
TraesCS4D02G330100,1,4D,At1g76060 [Source:Projected from Arabidopsis thaliana (AT1G76060) UniProtKB/TrEMBL;Acc:Q63Z96],488496069,488496624,488496069,NA,Pair_265
TraesCS5A02G020200,-1,5A,,16576141,16576518,16576518,400,Pair_266
TraesCS5A02G020300,-1,5A,NADH-ubiquinone oxidoreductase chain 3 [Source:UniProtKB/TrEMBL;Acc:Q332N0],16576563,16576919,16576919,NA,Pair_266
TraesCS5A02G062100,1,5A,,66824326,66824547,66824326,654,Pair_267
TraesCS5A02G062200,1,5A,,66824981,66826169,66824981,NA,Pair_267
TraesCS5A02G116900,1,5A,,238822206,238822644,238822206,740,Pair_268
TraesCS5A02G117100,1,5A,,238822947,238830497,238822947,NA,Pair_268
TraesCS5A02G164800,1,5A,,353597942,353598262,353597942,984,Pair_269
TraesCS5A02G164900,1,5A,,353598927,353602727,353598927,NA,Pair_269
TraesCS5A02G165000,-1,5A,,353603356,353607484,353607484,966,Pair_270
TraesCS5A02G165100,-1,5A,,353608165,353608451,353608451,NA,Pair_270
TraesCS5A02G208600,1,5A,,422037126,422040304,422037126,980,Pair_271
TraesCS5A02G208700,1,5A,,422038107,422038709,422038107,NA,Pair_271
TraesCS5A02G314100,-1,5A,,524676338,524681984,524681984,979,Pair_272
TraesCS5A02G314200,-1,5A,,524682242,524689106,524682964,NA,Pair_272
TraesCS5A02G343300,1,5A,,548233435,548233788,548233435,939,Pair_273
TraesCS5A02G343400,1,5A,,548234375,548235039,548234375,NA,Pair_273
TraesCS5A02G351100,-1,5A,,554059642,554062359,554062359,709,Pair_274
TraesCS5A02G351200,-1,5A,,554062365,554063069,554063069,NA,Pair_274
TraesCS5A02G361700,-1,5A,,562892266,562893495,562893495,795,Pair_275
TraesCS5A02G361600,-1,5A,,562890690,562894291,562894291,NA,Pair_275
TraesCS5A02G420700,-1,5A,Photosystem II reaction center protein I [Source:UniProtKB/TrEMBL;Acc:S4Z1X3],607199245,607199355,607199355,584,Pair_276
TraesCS5A02G420800,-1,5A,,607199691,607199940,607199940,NA,Pair_276
TraesCS5A02G421000,-1,5A,,607273000,607273215,607273215,310,Pair_277
TraesCS5A02G421100,-1,5A,,607273306,607273526,607273526,NA,Pair_277
TraesCS5A02G433700,1,5A,,617187438,617187845,617187438,742,Pair_278
TraesCS5A02G433800,1,5A,,617188181,617188922,617188181,NA,Pair_278
TraesCS5A02G436400,-1,5A,,619255848,619264893,619264893,292,Pair_279
TraesCS5A02G436500,-1,5A,,619264971,619265186,619265186,NA,Pair_279
TraesCS5A02G437000,-1,5A,,619273593,619273736,619273736,219,Pair_280
TraesCS5A02G437100,-1,5A,Photosystem II reaction center protein L [Source:UniProtKB/Swiss-Prot;Acc:P60140],619273840,619273956,619273956,NA,Pair_280
TraesCS5A02G468500,1,5A,,645976978,645977619,645976978,816,Pair_281
TraesCS5A02G468600,1,5A,"50S ribosomal protein L17, chloroplastic [Source:Projected from Arabidopsis thaliana (AT3G54210) UniProtKB/Swiss-Prot;Acc:Q9M385]",645977795,645980411,645977795,NA,Pair_281
TraesCS5A02G504500,1,5A,,670250208,670250630,670250208,795,Pair_282
TraesCS5A02G504600,1,5A,At1g76060 [Source:Projected from Arabidopsis thaliana (AT1G76060) UniProtKB/TrEMBL;Acc:Q63Z96],670251004,670251486,670251004,NA,Pair_282
TraesCS5A02G523100,-1,5A,,684324117,684324260,684324260,220,Pair_283
TraesCS5A02G523200,-1,5A,,684324365,684324481,684324481,NA,Pair_283
TraesCS5A02G523200,-1,5A,,684324365,684324481,684324481,140,Pair_284
TraesCS5A02G523300,-1,5A,,684324504,684324622,684324622,NA,Pair_284
TraesCS5A02G523300,-1,5A,,684324504,684324622,684324622,249,Pair_285
TraesCS5A02G523400,-1,5A,,684324633,684324872,684324872,NA,Pair_285
TraesCS5A02G541500,-1,5A,,698216554,698217128,698217128,949,Pair_286
TraesCS5A02G541600,-1,5A,,698217638,698218078,698218078,NA,Pair_286
TraesCS5B02G042100,-1,5B,,46746201,46746584,46746584,672,Pair_287
TraesCS5B02G042200,-1,5B,,46746589,46747257,46747257,NA,Pair_287
TraesCS5B02G064700,1,5B,,72252895,72253479,72252895,632,Pair_288
TraesCS5B02G064800,1,5B,,72253528,72256911,72253528,NA,Pair_288
TraesCS5B02G077100,1,5B,,93207085,93207372,93207085,720,Pair_289
TraesCS5B02G077200,1,5B,Glycosyltransferase (Fragment) [Source:Projected from Arabidopsis thaliana (AT2G40190) UniProtKB/TrEMBL;Acc:W8PUX5],93207806,93210899,93207806,NA,Pair_289
TraesCS5B02G179400,1,5B,,327195480,327195767,327195480,985,Pair_290
TraesCS5B02G179500,1,5B,,327196466,327200040,327196466,NA,Pair_290
TraesCS5B02G206700,1,5B,,375797611,375798321,375797611,937,Pair_291
TraesCS5B02G206800,1,5B,,375798549,375800134,375798549,NA,Pair_291
TraesCS5B02G232800,1,5B,,410847052,410847338,410847052,881,Pair_292
TraesCS5B02G232900,1,5B,Putative PDI-like protein [Source:UniProtKB/TrEMBL;Acc:D8L9B5],410847934,410853934,410847934,NA,Pair_292
TraesCS5B02G234800,1,5B,"NAD(P)H-quinone oxidoreductase subunit 4L, chloroplastic [Source:UniProtKB/Swiss-Prot;Acc:P69379]",413609181,413609486,413609181,782,Pair_293
TraesCS5B02G234900,1,5B,,413609964,413610209,413609964,NA,Pair_293
TraesCS5B02G247000,1,5B,,429037682,429038212,429037682,742,Pair_294
TraesCS5B02G247100,1,5B,,429038425,429038727,429038425,NA,Pair_294
TraesCS5B02G250000,-1,5B,,432718800,432718976,432718976,314,Pair_295
TraesCS5B02G250100,-1,5B,,432719063,432719291,432719291,NA,Pair_295
TraesCS5B02G250500,1,5B,,432876609,432876821,432876609,309,Pair_296
TraesCS5B02G250600,1,5B,,432876919,432877374,432876919,NA,Pair_296
TraesCS5B02G250600,1,5B,,432876919,432877374,432876919,804,Pair_297
TraesCS5B02G250700,1,5B,,432877724,432878147,432877724,NA,Pair_297
TraesCS5B02G262200,-1,5B,,446811075,446821632,446821632,881,Pair_298
TraesCS5B02G262300,-1,5B,,446821768,446822514,446822514,NA,Pair_298
TraesCS5B02G288000,-1,5B,,473742882,473747284,473747284,529,Pair_299
TraesCS5B02G288100,-1,5B,,473747422,473747814,473747814,NA,Pair_299
TraesCS5B02G311000,-1,5B,,492815038,492815259,492815259,675,Pair_300
TraesCS5B02G311100,-1,5B,,492815714,492815935,492815935,NA,Pair_300
TraesCS5B02G343100,1,5B,,527052388,527052618,527052388,883,Pair_301
TraesCS5B02G343200,1,5B,,527053272,527053928,527053272,NA,Pair_301
TraesCS5B02G440300,1,5B,,612669988,612670145,612669988,362,Pair_302
TraesCS5B02G440400,1,5B,,612670351,612673613,612670351,NA,Pair_302
TraesCS5B02G494100,-1,5B,,661878626,661883995,661883995,377,Pair_303
TraesCS5B02G494000,-1,5B,,661868899,661884373,661884373,NA,Pair_303
TraesCS5B02G499300,1,5B,,665938590,665938895,665938590,646,Pair_304
TraesCS5B02G499400,1,5B,,665939237,665940337,665939237,NA,Pair_304
TraesCS5D02G008000,-1,5D,Photosystem II reaction center protein I [Source:UniProtKB/Swiss-Prot;Acc:P62104],6180089,6180199,6180199,595,Pair_305
TraesCS5D02G008100,-1,5D,,6180601,6180795,6180795,NA,Pair_305
TraesCS5D02G009500,-1,5D,,6205465,6205665,6205665,568,Pair_306
TraesCS5D02G009600,-1,5D,,6206106,6206234,6206234,NA,Pair_306
TraesCS5D02G009600,-1,5D,,6206106,6206234,6206234,883,Pair_307
TraesCS5D02G009700,-1,5D,Cytochrome b6-f complex subunit 5 [Source:UniProtKB/TrEMBL;Acc:S4Z394],6207005,6207118,6207118,NA,Pair_307
TraesCS5D02G009800,1,5D,,6208807,6208923,6208807,220,Pair_308
TraesCS5D02G009900,1,5D,,6209028,6209171,6209028,NA,Pair_308
TraesCS5D02G010000,-1,5D,,6212311,6216651,6216651,440,Pair_309
TraesCS5D02G010100,-1,5D,Photosystem I reaction center subunit VIII [Source:UniProtKB/TrEMBL;Acc:S4Z1Y3],6216982,6217092,6217092,NA,Pair_309
TraesCS5D02G010500,1,5D,,6235855,6236217,6235855,656,Pair_310
TraesCS5D02G010600,1,5D,,6236512,6236943,6236512,NA,Pair_310
TraesCS5D02G010600,1,5D,,6236512,6236943,6236512,531,Pair_311
TraesCS5D02G010700,1,5D,,6237044,6237523,6237044,NA,Pair_311
TraesCS5D02G011000,-1,5D,ATP synthase subunit alpha [Source:UniProtKB/TrEMBL;Acc:A0A341W821],6250296,6251462,6251462,354,Pair_312
TraesCS5D02G011100,-1,5D,,6251554,6251817,6251817,NA,Pair_312
TraesCS5D02G012100,-1,5D,,6479893,6480768,6480768,690,Pair_313
TraesCS5D02G012200,-1,5D,,6480923,6481459,6481459,NA,Pair_313
TraesCS5D02G014800,-1,5D,,8492429,8495051,8495051,904,Pair_314
TraesCS5D02G014900,-1,5D,,8495702,8495956,8495956,NA,Pair_314
TraesCS5D02G042300,1,5D,,42073299,42073523,42073299,553,Pair_315
TraesCS5D02G042400,1,5D,,42073853,42074755,42073853,NA,Pair_315
TraesCS5D02G061600,1,5D,,58135363,58135836,58135363,527,Pair_316
TraesCS5D02G061700,1,5D,,58135891,58137477,58135891,NA,Pair_316
TraesCS5D02G079500,-1,5D,,80017922,80018581,80018581,846,Pair_317
TraesCS5D02G079600,-1,5D,,80018643,80019428,80019428,NA,Pair_317
TraesCS5D02G107000,1,5D,,120800030,120800211,120800030,584,Pair_318
TraesCS5D02G107100,1,5D,,120800615,120800725,120800615,NA,Pair_318
TraesCS5D02G119900,1,5D,,167072094,167072280,167072094,587,Pair_319
TraesCS5D02G120000,1,5D,,167072682,167072792,167072682,NA,Pair_319
TraesCS5D02G127400,-1,5D,,197838121,197838498,197838498,399,Pair_320
TraesCS5D02G127500,-1,5D,NADH-ubiquinone oxidoreductase chain 3 [Source:UniProtKB/TrEMBL;Acc:A0A341VV46],197838543,197838898,197838898,NA,Pair_320
TraesCS5D02G219800,1,5D,,329121290,329121505,329121290,293,Pair_321
TraesCS5D02G219900,1,5D,,329121584,329121997,329121584,NA,Pair_321
TraesCS5D02G220000,1,5D,,329124491,329124862,329124491,507,Pair_322
TraesCS5D02G220100,1,5D,,329124999,329125409,329124999,NA,Pair_322
TraesCS5D02G220400,-1,5D,Cytochrome b6-f complex subunit 5 [Source:UniProtKB/TrEMBL;Acc:S4Z394],329130889,329131002,329131002,292,Pair_323
TraesCS5D02G220500,-1,5D,Cytochrome b6-f complex subunit 6 [Source:UniProtKB/TrEMBL;Acc:A0A341W1C3],329131182,329131295,329131295,NA,Pair_323
TraesCS5D02G220600,1,5D,Cytochrome b559 subunit alpha [Source:UniProtKB/TrEMBL;Acc:A0A341WF36],329132434,329132685,329132434,261,Pair_324
TraesCS5D02G220700,1,5D,,329132696,329132811,329132696,NA,Pair_324
TraesCS5D02G220700,1,5D,,329132696,329132811,329132696,140,Pair_325
TraesCS5D02G220800,1,5D,,329132837,329132953,329132837,NA,Pair_325
TraesCS5D02G220800,1,5D,,329132837,329132953,329132837,220,Pair_326
TraesCS5D02G220900,1,5D,,329133058,329133201,329133058,NA,Pair_326
TraesCS5D02G221300,1,5D,,329162456,329162908,329162456,615,Pair_327
TraesCS5D02G221400,1,5D,,329163072,329163188,329163072,NA,Pair_327
TraesCS5D02G345500,1,5D,,432404371,432404589,432404371,307,Pair_328
TraesCS5D02G345600,1,5D,"30S ribosomal protein S19, chloroplastic [Source:UniProtKB/TrEMBL;Acc:S4Z9E7]",432404679,432404894,432404679,NA,Pair_328
TraesCS5D02G358200,-1,5D,,438454390,438456577,438456577,714,Pair_329
TraesCS5D02G358300,-1,5D,,438456633,438457292,438457292,NA,Pair_329
TraesCS5D02G371500,-1,5D,,445794642,445796966,445796966,838,Pair_330
TraesCS5D02G371600,-1,5D,,445797518,445797805,445797805,NA,Pair_330
TraesCS5D02G371900,1,5D,,446174273,446174434,446174273,751,Pair_331
TraesCS5D02G372000,1,5D,,446175025,446175165,446175025,NA,Pair_331
TraesCS5D02G372100,-1,5D,,446177239,446177592,446177592,587,Pair_332
TraesCS5D02G372200,-1,5D,,446177970,446178180,446178180,NA,Pair_332
TraesCS5D02G376700,1,5D,,449149343,449149615,449149343,867,Pair_333
TraesCS5D02G376800,1,5D,,449150211,449150942,449150211,NA,Pair_333
TraesCS5D02G377000,-1,5D,,449152621,449153076,449153076,469,Pair_334
TraesCS5D02G377100,-1,5D,,449153346,449153546,449153546,NA,Pair_334
TraesCS5D02G391500,-1,5D,,460071978,460072313,460072313,768,Pair_335
TraesCS5D02G391400,-1,5D,,460068295,460073082,460073082,NA,Pair_335
TraesCS5D02G420500,1,5D,,481157078,481157701,481157078,899,Pair_336
TraesCS5D02G420600,1,5D,,481157978,481159274,481157978,NA,Pair_336
TraesCS5D02G456400,-1,5D,,503212913,503213298,503213298,505,Pair_337
TraesCS5D02G456500,-1,5D,,503213361,503213804,503213804,NA,Pair_337
TraesCS5D02G456600,-1,5D,,503214325,503216258,503216258,482,Pair_338
TraesCS5D02G456700,-1,5D,,503216328,503216741,503216741,NA,Pair_338
TraesCS5D02G457500,1,5D,,503271104,503271574,503271104,769,Pair_339
TraesCS5D02G457600,1,5D,,503271874,503274663,503271874,NA,Pair_339
TraesCS5D02G458100,1,5D,,503287450,503287644,503287450,598,Pair_340
TraesCS5D02G458200,1,5D,Photosystem II reaction center protein I [Source:UniProtKB/Swiss-Prot;Acc:P62104],503288049,503288159,503288049,NA,Pair_340
TraesCS5D02G458800,1,5D,,503314962,503315225,503314962,353,Pair_341
TraesCS5D02G458900,1,5D,ATP synthase subunit alpha [Source:UniProtKB/TrEMBL;Acc:A0A341WHP6],503315316,503316830,503315316,NA,Pair_341
TraesCS5D02G459300,1,5D,,503340901,503341164,503340901,353,Pair_342
TraesCS5D02G459400,1,5D,ATP synthase subunit alpha [Source:UniProtKB/TrEMBL;Acc:A0A341WHQ2],503341255,503342791,503341255,NA,Pair_342
TraesCS5D02G473600,-1,5D,,513713521,513721655,513721655,615,Pair_343
TraesCS5D02G473700,-1,5D,,513721687,513722271,513722271,NA,Pair_343
TraesCS5D02G499500,1,5D,,528802758,528803057,528802758,652,Pair_344
TraesCS5D02G499600,1,5D,,528803411,528804622,528803411,NA,Pair_344
TraesCS5D02G539300,-1,5D,,551016402,551021005,551021005,896,Pair_345
TraesCS5D02G539400,-1,5D,,551021496,551021902,551021902,NA,Pair_345
TraesCS5D02G550200,-1,5D,,556923663,556924922,556924922,703,Pair_346
TraesCS5D02G550300,-1,5D,,556924964,556925626,556925626,NA,Pair_346
TraesCS5D02G559400,1,5D,,560872747,560873199,560872747,615,Pair_347
TraesCS5D02G559500,1,5D,,560873363,560873479,560873363,NA,Pair_347
TraesCS5D02G559900,-1,5D,,560879479,560879889,560879889,509,Pair_348
TraesCS5D02G560000,-1,5D,,560880028,560880399,560880399,NA,Pair_348
TraesCS6A02G014500,1,6A,,7079617,7080378,7079617,958,Pair_349
TraesCS6A02G014600,1,6A,,7080576,7081763,7080576,NA,Pair_349
TraesCS6A02G015958,1,6A,,7983955,7984350,7983955,495,Pair_350
TraesCS6A02G015967,1,6A,,7984451,7984930,7984451,NA,Pair_350
TraesCS6A02G017600,1,6A,,8712254,8712775,8712254,648,Pair_351
TraesCS6A02G017700,1,6A,,8712903,8713409,8712903,NA,Pair_351
TraesCS6A02G018800,1,6A,,9119486,9123059,9119486,314,Pair_352
TraesCS6A02G018900,1,6A,,9119801,9120055,9119801,NA,Pair_352
TraesCS6A02G044100,1,6A,,23023080,23023619,23023080,600,Pair_353
TraesCS6A02G044200,1,6A,,23023681,23024976,23023681,NA,Pair_353
TraesCS6A02G054600,-1,6A,,28426753,28427457,28427457,784,Pair_354
TraesCS6A02G054700,-1,6A,,28427529,28428242,28428242,NA,Pair_354
TraesCS6A02G072800,-1,6A,,39668609,39670133,39670133,659,Pair_355
TraesCS6A02G072900,-1,6A,,39670278,39670793,39670793,NA,Pair_355
TraesCS6A02G073000,-1,6A,,39876971,39877363,39877363,657,Pair_356
TraesCS6A02G073100,-1,6A,,39877686,39878021,39878021,NA,Pair_356
TraesCS6A02G096300,-1,6A,,63609498,63610355,63610355,350,Pair_357
TraesCS6A02G096400,-1,6A,,63610581,63610706,63610706,NA,Pair_357
TraesCS6A02G099384,-1,6A,,66994199,66994771,66994771,454,Pair_358
TraesCS6A02G099389,-1,6A,,66994798,66995226,66995226,NA,Pair_358
TraesCS6A02G114300,-1,6A,,84400711,84402951,84402951,769,Pair_359
TraesCS6A02G114400,-1,6A,,84403251,84403721,84403721,NA,Pair_359
TraesCS6A02G128700,-1,6A,,100764945,100765817,100765817,628,Pair_360
TraesCS6A02G128900,-1,6A,,100766198,100766446,100766446,NA,Pair_360
TraesCS6A02G171500,-1,6A,,182417743,182418602,182418602,965,Pair_361
TraesCS6A02G171600,-1,6A,,182418669,182419568,182419568,NA,Pair_361
TraesCS6A02G184700,1,6A,,215596021,215596379,215596021,951,Pair_362
TraesCS6A02G184800,1,6A,,215596973,215598453,215596973,NA,Pair_362
TraesCS6A02G192100,1,6A,,260117413,260117679,260117413,343,Pair_363
TraesCS6A02G192200,1,6A,,260117757,260118203,260117757,NA,Pair_363
TraesCS6A02G194000,-1,6A,,271182107,271184204,271184204,662,Pair_364
TraesCS6A02G194100,-1,6A,,271184457,271184867,271184867,NA,Pair_364
TraesCS6A02G194100,-1,6A,,271184457,271184867,271184867,573,Pair_365
TraesCS6A02G194200,-1,6A,,271185025,271185441,271185441,NA,Pair_365
TraesCS6A02G194200,-1,6A,,271185025,271185441,271185441,491,Pair_366
TraesCS6A02G194300,-1,6A,,271185478,271185933,271185933,NA,Pair_366
TraesCS6A02G219400,1,6A,,407085218,407085474,407085218,390,Pair_367
TraesCS6A02G219500,1,6A,S-adenosylmethionine decarboxylase proenzyme [Source:UniProtKB/TrEMBL;Acc:W6EK34],407085609,407086775,407085609,NA,Pair_367
TraesCS6A02G269300,1,6A,,495684945,495685070,495684945,898,Pair_368
TraesCS6A02G269400,1,6A,,495685844,495688911,495685844,NA,Pair_368
TraesCS6A02G397200,-1,6A,,608877165,608881715,608881715,765,Pair_369
TraesCS6A02G397300,-1,6A,,608881750,608882481,608882481,NA,Pair_369
TraesCS6A02G409000,1,6A,,613315333,613324576,613315333,195,Pair_370
TraesCS6A02G408800,1,6A,,613315529,613317193,613315529,NA,Pair_370
TraesCS6B02G001100,1,6B,,701374,702030,701374,701,Pair_371
TraesCS6B02G001200,1,6B,,702076,702636,702076,NA,Pair_371
TraesCS6B02G024100,-1,6B,,14549045,14549506,14549506,761,Pair_372
TraesCS6B02G024000,-1,6B,,14542292,14550268,14550268,NA,Pair_372
TraesCS6B02G024200,-1,6B,,14621579,14622040,14622040,699,Pair_373
TraesCS6B02G024300,-1,6B,,14622150,14622740,14622740,NA,Pair_373
TraesCS6B02G037900,1,6B,,22426839,22426955,22426839,644,Pair_374
TraesCS6B02G038000,1,6B,,22427484,22428086,22427484,NA,Pair_374
TraesCS6B02G047600,-1,6B,,27991290,27991592,27991592,771,Pair_375
TraesCS6B02G047700,-1,6B,,27991729,27992364,27992364,NA,Pair_375
TraesCS6B02G070700,-1,6B,,47256539,47270408,47270408,964,Pair_376
TraesCS6B02G070800,-1,6B,,47270652,47271373,47271373,NA,Pair_376
TraesCS6B02G085000,1,6B,,62001284,62001967,62001284,824,Pair_377
TraesCS6B02G085100,1,6B,,62002109,62003885,62002109,NA,Pair_377
TraesCS6B02G114300,-1,6B,,96638581,96642530,96642530,465,Pair_378
TraesCS6B02G114312,-1,6B,,96642679,96642996,96642996,NA,Pair_378
TraesCS6B02G124700,-1,6B,,119848790,119849317,119849317,360,Pair_379
TraesCS6B02G124800,-1,6B,,119849553,119849678,119849678,NA,Pair_379
TraesCS6B02G127556,-1,6B,,123455758,123456054,123456054,797,Pair_380
TraesCS6B02G127557,-1,6B,,123456061,123456852,123456852,NA,Pair_380
TraesCS6B02G155300,-1,6B,,158160911,158162125,158162125,916,Pair_381
TraesCS6B02G155400,-1,6B,,158162362,158163042,158163042,NA,Pair_381
TraesCS6B02G155700,-1,6B,,158191920,158193140,158193140,946,Pair_382
TraesCS6B02G155800,-1,6B,,158193152,158194087,158194087,NA,Pair_382
TraesCS6B02G195400,-1,6B,SWI/SNF complex subunit SWI3B [Source:Projected from Arabidopsis thaliana (AT2G33610) UniProtKB/Swiss-Prot;Acc:Q84JG2],231348104,231353432,231353432,343,Pair_383
TraesCS6B02G195500,-1,6B,,231353621,231353776,231353776,NA,Pair_383
TraesCS6B02G234600,1,6B,NADH-ubiquinone oxidoreductase chain 3 [Source:UniProtKB/TrEMBL;Acc:Q332N0],394497642,394497998,394497642,400,Pair_384
TraesCS6B02G234700,1,6B,Rps12 protein [Source:UniProtKB/TrEMBL;Acc:Q332N1],394498043,394498420,394498043,NA,Pair_384
TraesCS6B02G248900,1,6B,,446835890,446836146,446835890,389,Pair_385
TraesCS6B02G249000,1,6B,S-adenosylmethionine decarboxylase proenzyme [Source:UniProtKB/TrEMBL;Acc:W5GKA3],446836280,446837571,446836280,NA,Pair_385
TraesCS6B02G260800,-1,6B,,470918657,470921934,470921934,237,Pair_386
TraesCS6B02G260900,-1,6B,,470921987,470922172,470922172,NA,Pair_386
TraesCS6B02G296600,1,6B,,532337686,532337811,532337686,869,Pair_387
TraesCS6B02G296700,1,6B,,532338556,532341647,532338556,NA,Pair_387
TraesCS6B02G307400,-1,6B,Eukaryotic translation initiation factor 3 subunit B [Source:UniProtKB/TrEMBL;Acc:A0A341XGW7],551030907,551034918,551034918,717,Pair_388
TraesCS6B02G307500,-1,6B,,551035316,551035636,551035636,NA,Pair_388
TraesCS6B02G332500,1,6B,,583723980,583724522,583723980,933,Pair_389
TraesCS6B02G332600,1,6B,,583724914,583725360,583724914,NA,Pair_389
TraesCS6B02G338700,-1,6B,,596655528,596655905,596655905,399,Pair_390
TraesCS6B02G338800,-1,6B,NADH-ubiquinone oxidoreductase chain 3 [Source:UniProtKB/TrEMBL;Acc:A0A341XBY9],596656021,596656305,596656305,NA,Pair_390
TraesCS6B02G353000,1,6B,,618935448,618935735,618935448,887,Pair_391
TraesCS6B02G353100,1,6B,,618936336,618940080,618936336,NA,Pair_391
TraesCS6B02G357200,-1,6B,,625615895,625616122,625616122,679,Pair_392
TraesCS6B02G357300,-1,6B,,625616422,625616802,625616802,NA,Pair_392
TraesCS6B02G436700,-1,6B,,704176463,704177305,704177305,960,Pair_393
TraesCS6B02G436800,-1,6B,,704177367,704178266,704178266,NA,Pair_393
TraesCS6D02G033500,-1,6D,,14139811,14141991,14141991,636,Pair_394
TraesCS6D02G033600,-1,6D,,14142149,14142628,14142628,NA,Pair_394
TraesCS6D02G058300,-1,6D,,27532845,27534093,27534093,789,Pair_395
TraesCS6D02G058400,-1,6D,,27534172,27534883,27534883,NA,Pair_395
TraesCS6D02G079600,-1,6D,Photosystem II reaction center protein I [Source:UniProtKB/Swiss-Prot;Acc:P62104],45510713,45510823,45510823,587,Pair_396
TraesCS6D02G079700,-1,6D,,45511225,45511411,45511411,NA,Pair_396
TraesCS6D02G080000,-1,6D,"30S ribosomal protein S19, chloroplastic [Source:UniProtKB/TrEMBL;Acc:S4Z9E7]",45518154,45518394,45518394,305,Pair_397
TraesCS6D02G080100,-1,6D,,45518459,45518700,45518700,NA,Pair_397
TraesCS6D02G087400,-1,6D,,52723884,52724408,52724408,357,Pair_398
TraesCS6D02G087500,-1,6D,,52724641,52724766,52724766,NA,Pair_398
TraesCS6D02G089400,1,6D,,55312241,55312885,55312241,764,Pair_399
TraesCS6D02G089411,1,6D,,55313006,55313584,55313006,NA,Pair_399
TraesCS6D02G089608,1,6D,,55629319,55629690,55629319,667,Pair_400
TraesCS6D02G089613,1,6D,,55629987,55630574,55629987,NA,Pair_400
TraesCS6D02G139300,1,6D,,108464447,108464764,108464447,900,Pair_401
TraesCS6D02G139400,1,6D,Cytochrome c oxidase subunit 3 [Source:UniProtKB/TrEMBL;Acc:A0A341XLB2],108465348,108466190,108465348,NA,Pair_401
TraesCS6D02G156700,-1,6D,SWI/SNF complex subunit SWI3B [Source:Projected from Arabidopsis thaliana (AT2G33610) UniProtKB/Swiss-Prot;Acc:Q84JG2],133206637,133211806,133211806,244,Pair_402
TraesCS6D02G156800,-1,6D,,133211896,133212051,133212051,NA,Pair_402
TraesCS6D02G158900,-1,6D,,135462378,135462945,135462945,256,Pair_403
TraesCS6D02G159000,-1,6D,,135463062,135463202,135463202,NA,Pair_403
TraesCS6D02G175000,-1,6D,,168248837,168249556,168249556,536,Pair_404
TraesCS6D02G175100,-1,6D,,168249614,168250093,168250093,NA,Pair_404
TraesCS6D02G175400,1,6D,,168255415,168255576,168255415,751,Pair_405
TraesCS6D02G175500,1,6D,,168256167,168256307,168256167,NA,Pair_405
TraesCS6D02G175500,1,6D,,168256167,168256307,168256167,256,Pair_406
TraesCS6D02G175600,1,6D,,168256424,168256993,168256424,NA,Pair_406
TraesCS6D02G181900,1,6D,,210721086,210721775,210721086,706,Pair_407
TraesCS6D02G182000,1,6D,,210721793,210722233,210721793,NA,Pair_407
TraesCS6D02G202400,1,6D,,285869336,285869592,285869336,389,Pair_408
TraesCS6D02G202500,1,6D,S-adenosylmethionine decarboxylase proenzyme [Source:UniProtKB/TrEMBL;Acc:W5GZ28],285869726,285870892,285869726,NA,Pair_408
TraesCS6D02G205800,1,6D,,291783684,291784088,291783684,556,Pair_409
TraesCS6D02G205900,1,6D,,291784241,291786806,291784241,NA,Pair_409
TraesCS6D02G245500,-1,6D,,347684447,347687540,347687540,763,Pair_410
TraesCS6D02G245600,-1,6D,,347688179,347688304,347688304,NA,Pair_410
TraesCS6D02G309900,1,6D,,420171601,420172443,420171601,908,Pair_411
TraesCS6D02G310000,1,6D,,420172510,420172812,420172510,NA,Pair_411
TraesCS6D02G325300,-1,6D,,431395801,431396357,431396357,441,Pair_412
TraesCS6D02G325400,-1,6D,Photosystem I reaction center subunit VIII [Source:UniProtKB/TrEMBL;Acc:A0A341XHM7],431396689,431396799,431396799,NA,Pair_412
TraesCS6D02G325500,-1,6D,,431398539,431398682,431398682,220,Pair_413
TraesCS6D02G325600,-1,6D,,431398787,431398903,431398903,NA,Pair_413
TraesCS6D02G325600,-1,6D,,431398787,431398903,431398903,141,Pair_414
TraesCS6D02G325700,-1,6D,Cytochrome b559 subunit beta [Source:UniProtKB/TrEMBL;Acc:S4Z9C6],431398926,431399045,431399045,NA,Pair_414
TraesCS6D02G325700,-1,6D,Cytochrome b559 subunit beta [Source:UniProtKB/TrEMBL;Acc:S4Z9C6],431398926,431399045,431399045,261,Pair_415
TraesCS6D02G325800,-1,6D,Cytochrome b559 subunit alpha [Source:UniProtKB/TrEMBL;Acc:A0A341XTH2],431399056,431399307,431399307,NA,Pair_415
TraesCS6D02G325900,1,6D,Cytochrome b6-f complex subunit 6 [Source:UniProtKB/TrEMBL;Acc:S4Z3G8],431400455,431400550,431400455,274,Pair_416
TraesCS6D02G326000,1,6D,Cytochrome b6-f complex subunit 5 [Source:UniProtKB/Swiss-Prot;Acc:P69463],431400730,431400843,431400730,NA,Pair_416
TraesCS6D02G399600,-1,6D,,469984909,469990936,469990936,203,Pair_417
TraesCS6D02G399700,-1,6D,,469990949,469991140,469991140,NA,Pair_417
TraesCS7A02G045500,1,7A,,20705885,20706730,20705885,905,Pair_418
TraesCS7A02G045600,1,7A,,20706791,20708641,20706791,NA,Pair_418
TraesCS7A02G063400,1,7A,,31686648,31687109,31686648,882,Pair_419
TraesCS7A02G063500,1,7A,,31687531,31687896,31687531,NA,Pair_419
TraesCS7A02G066800,-1,7A,,33454624,33455037,33455037,361,Pair_420
TraesCS7A02G066700,-1,7A,,33446277,33455399,33455399,NA,Pair_420
TraesCS7A02G099400,-1,7A,Rps12 protein [Source:UniProtKB/TrEMBL;Acc:Q332N1],60327231,60327608,60327608,400,Pair_421
TraesCS7A02G099500,-1,7A,NADH-ubiquinone oxidoreductase chain 3 [Source:UniProtKB/TrEMBL;Acc:A0A341XR51],60327653,60328009,60328009,NA,Pair_421
TraesCS7A02G149500,-1,7A,,102544528,102546286,102546286,545,Pair_422
TraesCS7A02G149600,-1,7A,,102546412,102546832,102546832,NA,Pair_422
TraesCS7A02G187600,1,7A,,143078058,143078327,143078058,855,Pair_423
TraesCS7A02G187700,1,7A,,143078914,143080488,143078914,NA,Pair_423
TraesCS7A02G202500,1,7A,,164396914,164397444,164396914,589,Pair_424
TraesCS7A02G202600,1,7A,,164397504,164398130,164397504,NA,Pair_424
TraesCS7A02G207600,-1,7A,,170195026,170195322,170195322,409,Pair_425
TraesCS7A02G207500,-1,7A,,170190854,170195732,170195732,NA,Pair_425
TraesCS7A02G238000,-1,7A,,211363686,211364438,211364438,833,Pair_426
TraesCS7A02G238100,-1,7A,,211364933,211365272,211365272,NA,Pair_426
TraesCS7A02G250200,-1,7A,,232594490,232597664,232597664,480,Pair_427
TraesCS7A02G250100,-1,7A,,232592182,232598145,232598145,NA,Pair_427
TraesCS7A02G268900,-1,7A,Protein NAP1 [Source:Projected from Arabidopsis thaliana (AT2G35110) UniProtKB/Swiss-Prot;Acc:Q5S2C4],272995527,273008248,273008248,379,Pair_428
TraesCS7A02G269000,-1,7A,,273008334,273008628,273008628,NA,Pair_428
TraesCS7A02G289200,-1,7A,,352180489,352180629,352180629,732,Pair_429
TraesCS7A02G289300,-1,7A,,352181201,352181362,352181362,NA,Pair_429
TraesCS7A02G289500,1,7A,,352182685,352182892,352182685,306,Pair_430
TraesCS7A02G289600,1,7A,,352182992,352183207,352182992,NA,Pair_430
TraesCS7A02G289600,1,7A,,352182992,352183207,352182992,794,Pair_431
TraesCS7A02G289700,1,7A,,352183787,352184506,352183787,NA,Pair_431
TraesCS7A02G289800,-1,7A,,352192510,352192859,352192859,270,Pair_432
TraesCS7A02G289900,-1,7A,,352193014,352193130,352193130,NA,Pair_432
TraesCS7A02G289900,-1,7A,,352193014,352193130,352193130,614,Pair_433
TraesCS7A02G290000,-1,7A,,352193293,352193745,352193745,NA,Pair_433
TraesCS7A02G387800,-1,7A,,563529703,563530080,563530080,400,Pair_434
TraesCS7A02G387900,-1,7A,NADH-ubiquinone oxidoreductase chain 3 [Source:UniProtKB/TrEMBL;Acc:A0A341YG11],563530125,563530481,563530481,NA,Pair_434
TraesCS7A02G484400,1,7A,,675494266,675495208,675494266,944,Pair_435
TraesCS7A02G484500,1,7A,,675495211,675497586,675495211,NA,Pair_435
TraesCS7A02G532100,-1,7A,,710957878,710958567,710958567,488,Pair_436
TraesCS7A02G532200,-1,7A,,710958742,710959056,710959056,NA,Pair_436
TraesCS7B02G025900,1,7B,,25339168,25339596,25339168,557,Pair_437
TraesCS7B02G026000,1,7B,,25339726,25341187,25339726,NA,Pair_437
TraesCS7B02G053200,-1,7B,,55860693,55861880,55861880,528,Pair_438
TraesCS7B02G053300,-1,7B,,55862062,55862409,55862409,NA,Pair_438
TraesCS7B02G074000,-1,7B,,83912102,83921332,83921332,711,Pair_439
TraesCS7B02G074100,-1,7B,,83921733,83922044,83922044,NA,Pair_439
TraesCS7B02G091300,-1,7B,,105237380,105237616,105237616,653,Pair_440
TraesCS7B02G091400,-1,7B,,105238079,105238270,105238270,NA,Pair_440
TraesCS7B02G091600,-1,7B,,105255753,105255863,105255863,582,Pair_441
TraesCS7B02G091700,-1,7B,,105256252,105256446,105256446,NA,Pair_441
TraesCS7B02G099700,1,7B,,113921647,113922174,113921647,910,Pair_442
TraesCS7B02G099800,1,7B,Peroxidase [Source:UniProtKB/TrEMBL;Acc:A0A1D6CID3],113922558,113923736,113922558,NA,Pair_442
TraesCS7B02G117900,1,7B,,137683032,137683379,137683032,745,Pair_443
TraesCS7B02G118000,1,7B,,137683778,137684488,137683778,NA,Pair_443
TraesCS7B02G243600,1,7B,,452150743,452210823,452150743,778,Pair_444
TraesCS7B02G243700,1,7B,,452151522,452153837,452151522,NA,Pair_444
TraesCS7B02G263200,-1,7B,,483865812,483867815,483867815,773,Pair_445
TraesCS7B02G263300,-1,7B,,483868302,483868589,483868589,NA,Pair_445
TraesCS7B02G284100,-1,7B,,518304549,518304917,518304917,791,Pair_446
TraesCS7B02G284200,-1,7B,,518304957,518305709,518305709,NA,Pair_446
TraesCS7B02G287900,-1,7B,,524035461,524038429,524038429,704,Pair_447
TraesCS7B02G288000,-1,7B,,524038223,524039134,524039134,NA,Pair_447
TraesCS7B02G306700,1,7B,,550030634,550031341,550030634,942,Pair_448
TraesCS7B02G306800,1,7B,,550031577,550032681,550031577,NA,Pair_448
TraesCS7B02G410000,1,7B,,679358641,679358928,679358641,965,Pair_449
TraesCS7B02G410100,1,7B,,679359607,679361245,679359607,NA,Pair_449
TraesCS7B02G457300,1,7B,NADH-ubiquinone oxidoreductase chain 3 [Source:UniProtKB/TrEMBL;Acc:A0A341Z480],716831217,716831573,716831217,400,Pair_450
TraesCS7B02G457400,1,7B,,716831618,716831995,716831618,NA,Pair_450
TraesCS7B02G482300,-1,7B,,740038137,740041421,740041421,558,Pair_451
TraesCS7B02G482200,-1,7B,Sucrose synthase [Source:UniProtKB/TrEMBL;Acc:A0A1D6C3W0],740032525,740041980,740041980,NA,Pair_451
TraesCS7B02G490100,1,7B,,743709481,743710248,743709481,842,Pair_452
TraesCS7B02G490200,1,7B,,743710324,743713860,743710324,NA,Pair_452
TraesCS7B02G493000,-1,7B,,744648279,744652173,744652173,508,Pair_453
TraesCS7B02G492900,-1,7B,,744648123,744652682,744652682,NA,Pair_453
TraesCS7B02G501200,-1,7B,,750318823,750321080,750321080,961,Pair_454
TraesCS7B02G501300,-1,7B,,750321212,750322042,750322042,NA,Pair_454
TraesCS7D02G082000,1,7D,,49186848,49187153,49186848,383,Pair_455
TraesCS7D02G082100,1,7D,,49187232,49188053,49187232,NA,Pair_455
TraesCS7D02G093800,1,7D,,56235024,56235673,56235024,826,Pair_456
TraesCS7D02G093900,1,7D,,56235851,56236291,56235851,NA,Pair_456
TraesCS7D02G144200,-1,7D,,92232825,92234164,92234164,937,Pair_457
TraesCS7D02G144100,-1,7D,,92229751,92235102,92235102,NA,Pair_457
TraesCS7D02G159600,-1,7D,,109143532,109144014,109144014,758,Pair_458
TraesCS7D02G159700,-1,7D,,109144117,109144773,109144773,NA,Pair_458
TraesCS7D02G169900,1,7D,,122682593,122683087,122682593,853,Pair_459
TraesCS7D02G170000,1,7D,,122683447,122690021,122683447,NA,Pair_459
TraesCS7D02G181800,-1,7D,,135436401,135438286,135438286,772,Pair_460
TraesCS7D02G181900,-1,7D,,135438407,135439059,135439059,NA,Pair_460
TraesCS7D02G254800,-1,7D,,231546666,231547115,231547115,293,Pair_461
TraesCS7D02G254900,-1,7D,"30S ribosomal protein S19, chloroplastic [Source:UniProtKB/TrEMBL;Acc:S4Z9E7]",231547194,231547409,231547409,NA,Pair_461
TraesCS7D02G256300,-1,7D,,231609341,231609604,231609604,398,Pair_462
TraesCS7D02G256400,-1,7D,,231609842,231610003,231610003,NA,Pair_462
TraesCS7D02G285400,-1,7D,,307032323,307032607,307032607,887,Pair_463
TraesCS7D02G285500,-1,7D,,307033155,307033495,307033495,NA,Pair_463
TraesCS7D02G285700,1,7D,,307046638,307046996,307046638,543,Pair_464
TraesCS7D02G285800,1,7D,,307047182,307048880,307047182,NA,Pair_464
TraesCS7D02G381600,-1,7D,,495705798,495706649,495706649,929,Pair_465
TraesCS7D02G381500,-1,7D,,495703539,495707579,495707579,NA,Pair_465
TraesCS7D02G418900,1,7D,,538586239,538586967,538586239,731,Pair_466
TraesCS7D02G419000,1,7D,,538586971,538587306,538586971,NA,Pair_466
TraesCS7D02G430200,1,7D,,549697524,549698279,549697524,755,Pair_467
TraesCS7D02G430300,1,7D,,549698280,549698711,549698280,NA,Pair_467
TraesCS7D02G464100,1,7D,NADH-ubiquinone oxidoreductase chain 3 [Source:UniProtKB/TrEMBL;Acc:F2VQJ6],579016579,579016935,579016579,400,Pair_468
TraesCS7D02G464200,1,7D,Rps12 protein [Source:UniProtKB/TrEMBL;Acc:Q332N1],579016980,579017357,579016980,NA,Pair_468
TraesCS7D02G533400,-1,7D,,626694557,626695279,626695279,714,Pair_469
TraesCS7D02G533500,-1,7D,,626695281,626695994,626695994,NA,Pair_469
