"Gene_ID","Strand","Chromosome","Gene_Description","Gene_Start","Gene_End","TSS","Distance","PairID"
"Solyc01g005250.3",-1,"1","",191358,195082,195082,543,"Pair_1"
"Solyc01g005260.3",1,"1","",195626,199193,195626,NA,"Pair_1"
"Solyc01g005740.3",-1,"1","",493985,494469,494469,641,"Pair_2"
"Solyc01g005750.1",1,"1","",495111,495438,495111,NA,"Pair_2"
"Solyc01g005950.3",-1,"1","",616639,624436,624436,716,"Pair_3"
"Solyc01g005960.3",1,"1","",625153,632593,625153,NA,"Pair_3"
"Solyc01g006500.3",-1,"1","",1089014,1092709,1092709,737,"Pair_4"
"Solyc01g006510.3",1,"1","Sorbitol related enzyme [Source:UniProtKB/TrEMBL;Acc:Q3C2L6]",1093447,1097858,1093447,NA,"Pair_4"
"Solyc01g006760.3",-1,"1","",1348229,1350019,1350019,368,"Pair_5"
"Solyc01g006770.2",1,"1","",1350388,1354268,1350388,NA,"Pair_5"
"Solyc01g008090.3",-1,"1","",2155674,2163677,2163677,941,"Pair_6"
"Solyc01g008100.3",1,"1","",2164619,2168876,2164619,NA,"Pair_6"
"Solyc01g008730.3",-1,"1","",2699408,2709114,2709114,697,"Pair_7"
"Solyc01g008740.2",1,"1","",2709812,2716703,2709812,NA,"Pair_7"
"Solyc01g011520.1",-1,"1","",9504985,9505920,9505920,398,"Pair_8"
"Solyc01g011530.1",1,"1","",9506319,9507265,9506319,NA,"Pair_8"
"Solyc01g012670.2",-1,"1","",9772776,9780148,9780148,338,"Pair_9"
"Solyc01g012680.1",1,"1","",9780487,9780696,9780487,NA,"Pair_9"
"Solyc01g013800.1",-1,"1","",10113080,10113725,10113725,806,"Pair_10"
"Solyc01g013810.1",1,"1","",10114532,10114741,10114532,NA,"Pair_10"
"Solyc01g013850.1",-1,"1","",10190465,10191321,10191321,338,"Pair_11"
"Solyc01g013860.1",1,"1","",10191660,10191929,10191660,NA,"Pair_11"
"Solyc01g014060.2",-1,"1","",11080637,11083011,11083011,697,"Pair_12"
"Solyc01g014065.1",1,"1","",11083709,11085844,11083709,NA,"Pair_12"
"Solyc01g017187.1",-1,"1","",23807224,23807619,23807619,324,"Pair_13"
"Solyc01g017200.2",1,"1","",23807944,23808390,23807944,NA,"Pair_13"
"Solyc01g017220.1",-1,"1","",23812415,23812705,23812705,228,"Pair_14"
"Solyc01g017230.1",1,"1","",23812934,23813794,23812934,NA,"Pair_14"
"Solyc01g017485.1",-1,"1","",23877156,23880162,23880162,463,"Pair_15"
"Solyc01g017510.1",1,"1","",23880626,23881967,23880626,NA,"Pair_15"
"Solyc01g020460.2",-1,"1","",30831912,30835288,30835288,851,"Pair_16"
"Solyc01g020470.2",1,"1","",30836140,30836745,30836140,NA,"Pair_16"
"Solyc01g049743.1",-1,"1","",46268872,46270223,46270223,505,"Pair_17"
"Solyc01g049760.1",1,"1","",46270729,46271001,46270729,NA,"Pair_17"
"Solyc01g050047.1",-1,"1","",48277065,48282532,48282532,958,"Pair_18"
"Solyc01g050050.1",1,"1","",48283491,48283703,48283491,NA,"Pair_18"
"Solyc01g065780.1",-1,"1","",72217392,72217589,72217589,281,"Pair_19"
"Solyc01g065790.1",1,"1","",72217871,72218188,72217871,NA,"Pair_19"
"Solyc09g064400.2",-1,"1","Photosystem I reaction center subunit IX [Source:UniProtKB/TrEMBL;Acc:A0A0C5CUT2]",76555113,76555244,76555244,303,"Pair_20"
"Solyc01g067770.2",1,"1","",76555548,76556534,76555548,NA,"Pair_20"
"Solyc01g079780.3",-1,"1","",78776717,78781473,78781473,421,"Pair_21"
"Solyc01g079790.3",1,"1","Glucose-1-phosphate adenylyltransferase [Source:UniProtKB/TrEMBL;Acc:K4AXM4]",78781895,78787008,78781895,NA,"Pair_21"
"Solyc01g080030.2",-1,"1","",79009102,79011260,79011260,464,"Pair_22"
"Solyc01g080040.3",1,"1","dual specificity protein phosphatase 1 [Source:Projected from Arabidopsis thaliana (AT3G23610) TAIR;Acc:AT3G23610]",79011725,79019331,79011725,NA,"Pair_22"
"Solyc01g080930.3",-1,"1","",80122744,80132798,80132798,588,"Pair_23"
"Solyc01g080940.3",1,"1","Uric acid degradation bifunctional protein TTL [Source:Projected from Arabidopsis thaliana (AT5G58220) UniProtKB/Swiss-Prot;Acc:Q9LVM5]",80133387,80137355,80133387,NA,"Pair_23"
"Solyc01g087785.1",-1,"1","",82562535,82562897,82562897,826,"Pair_24"
"Solyc01g087790.2",1,"1","",82563724,82566379,82563724,NA,"Pair_24"
"Solyc01g088280.2",-1,"1","",82944196,82957088,82957088,750,"Pair_25"
"Solyc01g088310.3",1,"1","",82957839,82960785,82957839,NA,"Pair_25"
"Solyc01g088610.3",-1,"1","",83243219,83247297,83247297,202,"Pair_26"
"Solyc01g088620.3",1,"1","",83247500,83250841,83247500,NA,"Pair_26"
"Solyc01g088750.3",-1,"1","",83387552,83389516,83389516,744,"Pair_27"
"Solyc01g088760.3",1,"1","",83390261,83395093,83390261,NA,"Pair_27"
"Solyc01g090020.2",-1,"1","",83595066,83596681,83596681,829,"Pair_28"
"Solyc01g090030.2",1,"1","",83597511,83600500,83597511,NA,"Pair_28"
"Solyc01g090280.3",-1,"1","Leucine carboxyl methyltransferase 1 homolog [Source:Projected from Arabidopsis thaliana (AT1G02100) UniProtKB/Swiss-Prot;Acc:Q8VY08]",83814053,83827184,83827184,242,"Pair_29"
"Solyc01g090290.3",1,"1","COP9 signalosome complex subunit 7 [Source:Projected from Arabidopsis thaliana (AT1G02090) UniProtKB/Swiss-Prot;Acc:Q94JU3]",83827427,83836923,83827427,NA,"Pair_29"
"Solyc01g090480.3",-1,"1","",84035061,84041717,84041717,691,"Pair_30"
"Solyc01g090500.3",1,"1","Transcription termination factor MTEF18, mitochondrial [Source:Projected from Arabidopsis thaliana (AT3G60400) UniProtKB/Swiss-Prot;Acc:Q9M219]",84042409,84051267,84042409,NA,"Pair_30"
"Solyc01g090925.1",-1,"1","",84490391,84492137,84492137,183,"Pair_31"
"Solyc01g090910.3",1,"1","",84492321,84497495,84492321,NA,"Pair_31"
"Solyc01g090970.3",-1,"1","",84552110,84552478,84552478,928,"Pair_32"
"Solyc01g090980.1",1,"1","",84553407,84553976,84553407,NA,"Pair_32"
"Solyc01g091330.3",-1,"1","",84851863,84857916,84857916,813,"Pair_33"
"Solyc01g091340.3",1,"1","Peptidylprolyl isomerase [Source:UniProtKB/TrEMBL;Acc:K4AZ74]",84858730,84866661,84858730,NA,"Pair_33"
"Solyc01g094140.3",-1,"1","",85555523,85572407,85572407,441,"Pair_34"
"Solyc01g094150.3",1,"1","",85572849,85583132,85572849,NA,"Pair_34"
"Solyc01g094590.3",-1,"1","",85895665,85900396,85900396,209,"Pair_35"
"Solyc01g094600.2",1,"1","",85900606,85902499,85900606,NA,"Pair_35"
"Solyc01g095920.3",-1,"1","",86939590,86941828,86941828,915,"Pair_36"
"Solyc01g095930.3",1,"1","",86942744,86945704,86942744,NA,"Pair_36"
"Solyc01g096650.3",-1,"1","Putative RING-H2 finger protein ATL69 [Source:Projected from Arabidopsis thaliana (AT5G07040) UniProtKB/Swiss-Prot;Acc:Q9FL42]",87571066,87571584,87571584,420,"Pair_37"
"Solyc01g096660.3",1,"1","Protein MAINTENANCE OF PSII UNDER HIGH LIGHT 1 [Source:Projected from Arabidopsis thaliana (AT5G07020) UniProtKB/Swiss-Prot;Acc:Q9FL44]",87572005,87575486,87572005,NA,"Pair_37"
"Solyc01g096890.3",-1,"1","",87753826,87761215,87761215,886,"Pair_38"
"Solyc01g096900.3",1,"1","",87762102,87784173,87762102,NA,"Pair_38"
"Solyc01g096980.2",-1,"1","",87843370,87846986,87846986,160,"Pair_39"
"Solyc01g096990.3",1,"1","",87847147,87853239,87847147,NA,"Pair_39"
"Solyc01g097370.1",-1,"1","Ammonium transporter [Source:UniProtKB/TrEMBL;Acc:K4B0C4]",88135035,88136817,88136817,994,"Pair_40"
"Solyc01g097380.2",1,"1","",88137812,88141290,88137812,NA,"Pair_40"
"Solyc01g097810.3",-1,"1","Zeta-carotene desaturase [Source:UniProtKB/TrEMBL;Acc:Q202I0]",88390859,88398744,88398744,412,"Pair_41"
"Solyc01g097820.3",1,"1","",88399157,88406364,88399157,NA,"Pair_41"
"Solyc01g097990.3",-1,"1","",88512070,88512555,88512555,863,"Pair_42"
"Solyc01g098000.3",1,"1","",88513419,88516035,88513419,NA,"Pair_42"
"Solyc01g098010.3",-1,"1","",88513966,88517694,88517694,785,"Pair_43"
"Solyc01g098030.3",1,"1","",88518480,88526377,88518480,NA,"Pair_43"
"Solyc01g098527.1",-1,"1","",88899637,88902919,88902919,712,"Pair_44"
"Solyc01g098540.3",1,"1","",88903632,88908146,88903632,NA,"Pair_44"
"Solyc01g098630.3",-1,"1","",88961192,88969809,88969809,464,"Pair_45"
"Solyc01g098640.3",1,"1","TLP18.3 [Source:Projected from Arabidopsis thaliana (AT1G54780) UniProtKB/TrEMBL;Acc:A0A178WHT4]",88970274,88975814,88970274,NA,"Pair_45"
"Solyc01g098780.3",-1,"1","Signal peptidase complex subunit 3 [Source:UniProtKB/TrEMBL;Acc:K4B0R5]",89086058,89089483,89089483,642,"Pair_46"
"Solyc01g098790.2",1,"1","",89090126,89095494,89090126,NA,"Pair_46"
"Solyc01g098850.3",-1,"1","",89120898,89122868,89122868,400,"Pair_47"
"Solyc01g098860.3",1,"1","",89123269,89125345,89123269,NA,"Pair_47"
"Solyc01g099110.3",-1,"1","Aminopeptidase P2 [Source:Projected from Arabidopsis thaliana (AT3G05350) UniProtKB/Swiss-Prot;Acc:Q8RY11]",89308699,89318795,89318795,521,"Pair_48"
"Solyc01g099120.3",1,"1","Protein AUXIN RESPONSE 4 [Source:Projected from Arabidopsis thaliana (AT1G54990) UniProtKB/Swiss-Prot;Acc:Q9FZ33]",89319317,89323016,89319317,NA,"Pair_48"
"Solyc01g099250.2",-1,"1","",89415689,89418286,89418286,874,"Pair_49"
"Solyc01g099260.3",1,"1","",89419161,89423072,89419161,NA,"Pair_49"
"Solyc01g099530.3",-1,"1","",89625476,89632125,89632125,359,"Pair_50"
"Solyc01g099540.2",1,"1","",89632485,89633139,89632485,NA,"Pair_50"
"Solyc01g100070.3",-1,"1","",90042441,90043529,90043529,657,"Pair_51"
"Solyc01g100080.3",1,"1","Single-stranded DNA-binding protein, mitochondrial [Source:Projected from Arabidopsis thaliana (AT4G11060) UniProtKB/Swiss-Prot;Acc:Q84J78]",90044187,90048479,90044187,NA,"Pair_51"
"Solyc01g100400.3",-1,"1","",90319356,90320921,90320921,851,"Pair_52"
"Solyc01g100410.3",1,"1","",90321773,90327070,90321773,NA,"Pair_52"
"Solyc01g100810.3",-1,"1","Alkaline/neutral invertase A, mitochondrial [Source:Projected from Arabidopsis thaliana (AT1G56560) UniProtKB/Swiss-Prot;Acc:Q9FXA8]",90615016,90628640,90628640,927,"Pair_53"
"Solyc01g100830.2",1,"1","Hexosyltransferase [Source:UniProtKB/TrEMBL;Acc:K4B1B4]",90629568,90630716,90629568,NA,"Pair_53"
"Solyc01g102790.3",-1,"1","",91374388,91376664,91376664,653,"Pair_54"
"Solyc01g102800.3",1,"1","",91377318,91384276,91377318,NA,"Pair_54"
"Solyc01g103550.1",-1,"1","",92012677,92013612,92013612,867,"Pair_55"
"Solyc01g103560.3",1,"1","tRNA pseudouridine synthase [Source:UniProtKB/TrEMBL;Acc:K4B1T1]",92014480,92021786,92014480,NA,"Pair_55"
"Solyc01g104470.3",-1,"1","Ribosome assembly factor mrt4 [Source:UniProtKB/TrEMBL;Acc:K4B222]",92826984,92830003,92830003,198,"Pair_56"
"Solyc01g104480.3",1,"1","",92830202,92836188,92830202,NA,"Pair_56"
"Solyc01g104935.1",-1,"1","",93154020,93155956,93155956,636,"Pair_57"
"Solyc01g104940.2",1,"1","",93156593,93157540,93156593,NA,"Pair_57"
"Solyc01g105020.3",-1,"1","",93206296,93220390,93220390,815,"Pair_58"
"Solyc01g105030.3",1,"1","Chlorophyll a-b binding protein CP24 10A, chloroplastic [Source:UniProtKB/Swiss-Prot;Acc:P27524]",93221206,93222276,93221206,NA,"Pair_58"
"Solyc01g105220.3",-1,"1","Ubiquinol oxidase [Source:UniProtKB/TrEMBL;Acc:K4B292]",93352151,93358156,93358156,944,"Pair_59"
"Solyc01g105230.3",1,"1","",93359101,93373639,93359101,NA,"Pair_59"
"Solyc01g106180.2",-1,"1","",94034372,94034929,94034929,525,"Pair_60"
"Solyc01g106190.3",1,"1","",94035455,94037998,94035455,NA,"Pair_60"
"Solyc01g106520.1",-1,"1","",94271047,94272174,94272174,454,"Pair_61"
"Solyc01g106530.1",1,"1","",94272629,94273759,94272629,NA,"Pair_61"
"Solyc01g106550.1",-1,"1","",94278881,94279908,94279908,358,"Pair_62"
"Solyc01g106560.3",1,"1","",94280267,94284163,94280267,NA,"Pair_62"
"Solyc01g106740.3",-1,"1","",94372352,94384033,94384033,992,"Pair_63"
"Solyc01g106750.2",1,"1","",94385026,94389498,94385026,NA,"Pair_63"
"Solyc01g106810.3",-1,"1","",94460502,94464476,94464476,956,"Pair_64"
"Solyc01g106820.3",1,"1","Probable zinc metallopeptidase EGY3, chloroplastic [Source:Projected from Arabidopsis thaliana (AT1G17870) UniProtKB/Swiss-Prot;Acc:Q9LMU1]",94465433,94469077,94465433,NA,"Pair_64"
"Solyc01g108060.2",-1,"1","",95327318,95328112,95328112,948,"Pair_65"
"Solyc01g108070.3",1,"1","Protein DJ-1 homolog C [Source:Projected from Arabidopsis thaliana (AT4G34020) UniProtKB/Swiss-Prot;Acc:Q8VY09]",95329061,95333719,95329061,NA,"Pair_65"
"Solyc01g108080.3",-1,"1","",95331512,95332008,95332008,587,"Pair_66"
"Solyc01g108083.1",1,"1","",95332596,95333526,95332596,NA,"Pair_66"
"Solyc01g108260.3",-1,"1","",95516381,95522468,95522468,699,"Pair_67"
"Solyc01g108270.3",1,"1","",95523168,95526234,95523168,NA,"Pair_67"
"Solyc01g109060.3",-1,"1","",96027238,96029384,96029384,416,"Pair_68"
"Solyc01g109070.2",1,"1","",96029801,96030416,96029801,NA,"Pair_68"
"Solyc01g109520.3",-1,"1","",96363456,96367132,96367132,498,"Pair_69"
"Solyc01g109540.3",1,"1","",96367631,96382692,96367631,NA,"Pair_69"
"Solyc01g110250.1",-1,"1","",96899833,96900090,96900090,339,"Pair_70"
"Solyc01g110255.1",1,"1","",96900430,96900734,96900430,NA,"Pair_70"
"Solyc01g110430.3",-1,"1","",97060628,97063447,97063447,694,"Pair_71"
"Solyc01g110450.3",1,"1","",97064142,97073477,97064142,NA,"Pair_71"
"Solyc10g005290.3",-1,"10","Cardiolipin synthase (CMP-forming), mitochondrial [Source:Projected from Arabidopsis thaliana (AT4G04870) UniProtKB/Swiss-Prot;Acc:Q93YW7]",211949,218212,218212,543,"Pair_72"
"Solyc10g005300.3",1,"10","",218756,221860,218756,NA,"Pair_72"
"Solyc10g005910.2",-1,"10","",698393,702819,702819,290,"Pair_73"
"Solyc10g005920.3",1,"10","",703110,706856,703110,NA,"Pair_73"
"Solyc10g006240.3",-1,"10","Pyridoxal phosphate homeostasis protein [Source:UniProtKB/TrEMBL;Acc:K4CXF5]",918728,923403,923403,714,"Pair_74"
"Solyc10g006250.3",1,"10","",924118,925497,924118,NA,"Pair_74"
"Solyc10g006525.1",-1,"10","",1088010,1088990,1088990,843,"Pair_75"
"Solyc10g006530.3",1,"10","Photosynthetic NDH subunit of lumenal location 3, chloroplastic [Source:Projected from Arabidopsis thaliana (AT3G01440) UniProtKB/Swiss-Prot;Acc:Q9SGH4]",1089834,1092104,1089834,NA,"Pair_75"
"Solyc10g006780.3",-1,"10","Embryo defective 2423 [Source:Projected from Arabidopsis thaliana (AT3G48470) UniProtKB/TrEMBL;Acc:F4JF17]",1215405,1224002,1224002,705,"Pair_76"
"Solyc10g006790.3",1,"10","",1224708,1230652,1224708,NA,"Pair_76"
"Solyc10g007190.3",-1,"10","",1614079,1620639,1620639,406,"Pair_77"
"Solyc10g007200.3",1,"10","Hexosyltransferase [Source:UniProtKB/TrEMBL;Acc:K4CXQ0]",1621046,1626364,1621046,NA,"Pair_77"
"Solyc10g007345.1",-1,"10","",1728329,1729770,1729770,957,"Pair_78"
"Solyc10g007350.3",1,"10","",1730728,1735001,1730728,NA,"Pair_78"
"Solyc10g008590.1",-1,"10","Putative pentatricopeptide repeat-containing protein At1g03510 [Source:Projected from Arabidopsis thaliana (AT1G03510) UniProtKB/Swiss-Prot;Acc:Q9LR72]",2677649,2678935,2678935,459,"Pair_79"
"Solyc10g008600.3",1,"10","At4g28210 [Source:Projected from Arabidopsis thaliana (AT4G28210) UniProtKB/TrEMBL;Acc:Q9M0I6]",2679395,2682756,2679395,NA,"Pair_79"
"Solyc10g008890.3",-1,"10","",2914883,2921261,2921261,742,"Pair_80"
"Solyc10g008900.3",1,"10","Dirigent protein [Source:UniProtKB/TrEMBL;Acc:K4CY66]",2922004,2923651,2922004,NA,"Pair_80"
"Solyc10g011710.1",-1,"10","",3964239,3964699,3964699,840,"Pair_81"
"Solyc10g011720.1",1,"10","",3965540,3965932,3965540,NA,"Pair_81"
"Solyc10g017880.2",-1,"10","",6135062,6142927,6142927,996,"Pair_82"
"Solyc10g017890.1",1,"10","",6143924,6146813,6143924,NA,"Pair_82"
"Solyc10g018830.1",-1,"10","",10679889,10680131,10680131,940,"Pair_83"
"Solyc10g018840.2",1,"10","",10681072,10681314,10681072,NA,"Pair_83"
"Solyc10g018870.2",-1,"10","",10806603,10809394,10809394,335,"Pair_84"
"Solyc10g018880.1",1,"10","",10809730,10810456,10809730,NA,"Pair_84"
"Solyc10g019100.2",-1,"10","",11718533,11718838,11718838,591,"Pair_85"
"Solyc10g019105.1",1,"10","",11719430,11721895,11719430,NA,"Pair_85"
"Solyc10g047200.1",-1,"10","",40136305,40136634,40136634,624,"Pair_86"
"Solyc10g047210.1",1,"10","",40137259,40137762,40137259,NA,"Pair_86"
"Solyc10g047743.1",-1,"10","",42059662,42060495,42060495,965,"Pair_87"
"Solyc10g047745.1",1,"10","",42061461,42062314,42061461,NA,"Pair_87"
"Solyc10g049580.2",-1,"10","",46082039,46084089,46084089,730,"Pair_88"
"Solyc10g049585.1",1,"10","",46084820,46091158,46084820,NA,"Pair_88"
"Solyc10g049920.2",-1,"10","",47047770,47050924,47050924,527,"Pair_89"
"Solyc10g049930.1",1,"10","",47051452,47051832,47051452,NA,"Pair_89"
"Solyc10g051270.2",-1,"10","",51769434,51772898,51772898,225,"Pair_90"
"Solyc10g051273.1",1,"10","",51773124,51778262,51773124,NA,"Pair_90"
"Solyc10g052815.1",-1,"10","",53554062,53556881,53556881,845,"Pair_91"
"Solyc10g052820.1",1,"10","",53557727,53557963,53557727,NA,"Pair_91"
"Solyc10g055070.1",-1,"10","Mediator of RNA polymerase II transcription subunit 20 [Source:UniProtKB/TrEMBL;Acc:K4D1A0]",56264366,56265196,56265196,546,"Pair_92"
"Solyc10g055080.2",1,"10","",56265743,56269410,56265743,NA,"Pair_92"
"Solyc10g055340.1",-1,"10","",56531826,56532958,56532958,336,"Pair_93"
"Solyc10g055350.1",1,"10","",56533295,56533573,56533295,NA,"Pair_93"
"Solyc10g074823.1",-1,"10","",58596023,58597819,58597819,387,"Pair_94"
"Solyc10g074827.1",1,"10","",58598207,58611999,58598207,NA,"Pair_94"
"Solyc10g074910.2",-1,"10","Acetyltransferase NSI [Source:Projected from Arabidopsis thaliana (AT1G32070) UniProtKB/Swiss-Prot;Acc:Q7X9V3]",58681873,58693291,58693291,525,"Pair_95"
"Solyc10g074920.2",1,"10","Mannan endo-1,4-beta-mannosidase 6 [Source:Projected from Arabidopsis thaliana (AT5G01930) UniProtKB/Swiss-Prot;Acc:Q9LZV3]",58693817,58699045,58693817,NA,"Pair_95"
"Solyc10g076845.1",-1,"10","",59914460,59915783,59915783,827,"Pair_96"
"Solyc10g076850.1",1,"10","",59916611,59916762,59916611,NA,"Pair_96"
"Solyc10g076910.2",-1,"10","",59973618,59985161,59985161,930,"Pair_97"
"Solyc10g076920.2",1,"10","",59986092,59992349,59986092,NA,"Pair_97"
"Solyc10g078630.2",-1,"10","",60510612,60512250,60512250,567,"Pair_98"
"Solyc10g078640.1",1,"10","",60512818,60513200,60512818,NA,"Pair_98"
"Solyc10g079470.3",-1,"10","GLDH [Source:Projected from Arabidopsis thaliana (AT3G47930) UniProtKB/TrEMBL;Acc:A0A178VN92]",61144782,61152692,61152692,625,"Pair_99"
"Solyc10g079480.1",1,"10","",61153318,61154820,61153318,NA,"Pair_99"
"Solyc10g081270.2",-1,"10","",62517333,62521307,62521307,918,"Pair_100"
"Solyc10g081280.2",1,"10","",62522226,62525854,62522226,NA,"Pair_100"
"Solyc10g081360.2",-1,"10","",62582415,62586758,62586758,652,"Pair_101"
"Solyc10g081370.2",1,"10","",62587411,62590359,62587411,NA,"Pair_101"
"Solyc10g084040.2",-1,"10","",63836844,63839878,63839878,898,"Pair_102"
"Solyc10g084045.1",1,"10","",63840777,63845648,63840777,NA,"Pair_102"
"Solyc10g084860.1",-1,"10","Clade XI lectin receptor kinase [Source:UniProtKB/TrEMBL;Acc:K4D3S0]",64369581,64371641,64371641,895,"Pair_103"
"Solyc10g084870.1",1,"10","",64372537,64373078,64372537,NA,"Pair_103"
"Solyc10g085100.2",-1,"10","",64530305,64536401,64536401,988,"Pair_104"
"Solyc10g085110.2",1,"10","",64537390,64539146,64537390,NA,"Pair_104"
"Solyc10g085660.2",-1,"10","F-box protein SKIP24 [Source:Projected from Arabidopsis thaliana (AT1G08710) UniProtKB/Swiss-Prot;Acc:Q9CAZ0]",64891031,64895235,64895235,173,"Pair_105"
"Solyc10g085665.1",1,"10","",64895409,64896586,64895409,NA,"Pair_105"
"Solyc10g085970.2",-1,"10","",65088816,65092944,65092944,164,"Pair_106"
"Solyc10g085980.2",1,"10","Thylakoid membrane protein TERC, chloroplastic [Source:Projected from Arabidopsis thaliana (AT5G12130) UniProtKB/Swiss-Prot;Acc:F4JZG9]",65093109,65101519,65093109,NA,"Pair_106"
"Solyc10g086770.2",-1,"10","",65615502,65623716,65623716,771,"Pair_107"
"Solyc10g086780.2",1,"10","",65624488,65628087,65624488,NA,"Pair_107"
"Solyc11g005940.2",-1,"11","",757836,762293,762293,140,"Pair_108"
"Solyc11g005950.2",1,"11","BTB/POZ domain-containing protein At2g13690 [Source:Projected from Arabidopsis thaliana (AT2G13690) UniProtKB/Swiss-Prot;Acc:Q9SKH2]",762434,766381,762434,NA,"Pair_108"
"Solyc11g007310.2",-1,"11","",1687078,1693752,1693752,784,"Pair_109"
"Solyc11g007320.2",1,"11","Galactose oxidase/kelch, beta-propeller domain containing protein [Source: Projected from Oryza sativa (Os03g0835800)]",1694537,1705721,1694537,NA,"Pair_109"
"Solyc11g010180.2",-1,"11","",3264828,3269713,3269713,337,"Pair_110"
"Solyc11g010190.1",1,"11","",3270051,3270890,3270051,NA,"Pair_110"
"Solyc11g010870.2",-1,"11","",3943458,3945438,3945438,921,"Pair_111"
"Solyc11g010880.2",1,"11","",3946360,3949853,3946360,NA,"Pair_111"
"Solyc11g010915.1",-1,"11","",3965941,3969929,3969929,442,"Pair_112"
"Solyc11g010920.2",1,"11","",3970372,3978115,3970372,NA,"Pair_112"
"Solyc11g011480.2",-1,"11","",4527119,4536564,4536564,710,"Pair_113"
"Solyc11g011490.2",1,"11","",4537275,4542978,4537275,NA,"Pair_113"
"Solyc11g012195.1",-1,"11","",5112858,5115392,5115392,857,"Pair_114"
"Solyc11g012200.2",1,"11","",5116250,5117680,5116250,NA,"Pair_114"
"Solyc11g012230.2",-1,"11","",5118876,5126725,5126725,985,"Pair_115"
"Solyc11g012245.1",1,"11","",5127711,5127965,5127711,NA,"Pair_115"
"Solyc11g020007.1",-1,"11","",10024816,10027512,10027512,500,"Pair_116"
"Solyc11g020030.2",1,"11","",10028013,10028392,10028013,NA,"Pair_116"
"Solyc11g020720.1",-1,"11","",11955965,11956489,11956489,358,"Pair_117"
"Solyc11g020730.1",1,"11","",11956848,11957009,11956848,NA,"Pair_117"
"Solyc11g021290.2",-1,"11","",13417830,13418705,13418705,138,"Pair_118"
"Solyc11g021300.1",1,"11","",13418844,13419377,13418844,NA,"Pair_118"
"Solyc11g030770.1",-1,"11","",23360934,23361299,23361299,855,"Pair_119"
"Solyc11g030780.1",1,"11","",23362155,23363149,23362155,NA,"Pair_119"
"Solyc11g065040.2",-1,"11","",50641969,50656451,50656451,822,"Pair_120"
"Solyc11g065060.1",1,"11","",50657274,50657720,50657274,NA,"Pair_120"
"Solyc11g067010.2",-1,"11","",53073624,53078261,53078261,806,"Pair_121"
"Solyc11g067015.1",1,"11","",53079068,53081957,53079068,NA,"Pair_121"
"Solyc11g067030.2",-1,"11","Adenine nucleotide alpha hydrolases-like superfamily protein [Source:Projected from Arabidopsis thaliana (AT3G24560) UniProtKB/TrEMBL;Acc:F4J7P7]",53090943,53097316,53097316,204,"Pair_122"
"Solyc11g067050.2",1,"11","Alkaline/neutral invertase E, chloroplastic [Source:Projected from Arabidopsis thaliana (AT5G22510) UniProtKB/Swiss-Prot;Acc:Q9FK88]",53097521,53101821,53097521,NA,"Pair_122"
"Solyc11g067200.2",-1,"11","Protein HIRA [Source:UniProtKB/TrEMBL;Acc:K4D9X7]",53250658,53259796,53259796,847,"Pair_123"
"Solyc11g067210.1",1,"11","Pentatricopeptide repeat-containing protein At2g27610 [Source:Projected from Arabidopsis thaliana (AT2G27610) UniProtKB/Swiss-Prot;Acc:Q9ZUW3]",53260644,53263259,53260644,NA,"Pair_123"
"Solyc11g068410.1",-1,"11","",53439204,53440750,53440750,471,"Pair_124"
"Solyc11g068420.2",1,"11","Ribosomal protein [Source:UniProtKB/TrEMBL;Acc:K4DA00]",53441222,53445106,53441222,NA,"Pair_124"
"Solyc11g068590.2",-1,"11","",53545083,53548262,53548262,591,"Pair_125"
"Solyc11g068600.1",1,"11","",53548854,53549474,53548854,NA,"Pair_125"
"Solyc11g068640.2",-1,"11","Protein TPLATE [Source:Projected from Arabidopsis thaliana (AT3G01780) UniProtKB/Swiss-Prot;Acc:F4J8D3]",53571489,53581141,53581141,745,"Pair_126"
"Solyc11g068650.2",1,"11","Mitochondrial fission protein ELM1 [Source:Projected from Arabidopsis thaliana (AT5G22350) UniProtKB/Swiss-Prot;Acc:Q93YN4]",53581887,53591894,53581887,NA,"Pair_126"
"Solyc11g068680.2",-1,"11","",53610413,53617232,53617232,989,"Pair_127"
"Solyc11g068690.2",1,"11","",53618222,53624338,53618222,NA,"Pair_127"
"Solyc11g069000.2",-1,"11","T-complex protein 1 subunit beta [Source:Projected from Arabidopsis thaliana (AT5G20890) UniProtKB/Swiss-Prot;Acc:Q940P8]",53862383,53874538,53874538,343,"Pair_128"
"Solyc11g069020.2",1,"11","",53874882,53877491,53874882,NA,"Pair_128"
"Solyc11g070070.2",-1,"11","",54912209,54915515,54915515,669,"Pair_129"
"Solyc11g070080.1",1,"11","",54916185,54920303,54916185,NA,"Pair_129"
"Solyc11g071890.2",-1,"11","",55512631,55521724,55521724,859,"Pair_130"
"Solyc11g071900.1",1,"11","",55522584,55522997,55522584,NA,"Pair_130"
"Solyc11g072380.2",-1,"11","",55848993,55859136,55859136,881,"Pair_131"
"Solyc11g072390.2",1,"11","",55860018,55868502,55860018,NA,"Pair_131"
"Solyc11g072920.2",-1,"11","Peroxidase [Source:UniProtKB/TrEMBL;Acc:K4DAZ8]",56372110,56374267,56374267,230,"Pair_132"
"Solyc11g072930.2",1,"11","",56374498,56381703,56374498,NA,"Pair_132"
"Solyc12g005050.2",-1,"12","AUGMIN subunit 4 [Source:Projected from Arabidopsis thaliana (AT1G50710) UniProtKB/Swiss-Prot;Acc:Q8GYM3]",19700,28173,28173,380,"Pair_133"
"Solyc12g005060.1",1,"12","ATP synthase gamma chain 2, chloroplastic [Source:Projected from Arabidopsis thaliana (AT1G15700) UniProtKB/Swiss-Prot;Acc:Q01909]",28554,29603,28554,NA,"Pair_133"
"Solyc12g005210.1",-1,"12","",139985,140251,140251,485,"Pair_134"
"Solyc12g005230.2",1,"12","",140737,156927,140737,NA,"Pair_134"
"Solyc12g005275.1",-1,"12","",170673,171333,171333,698,"Pair_135"
"Solyc12g005280.2",1,"12","",172032,177351,172032,NA,"Pair_135"
"Solyc12g005980.2",-1,"12","",600661,607296,607296,781,"Pair_136"
"Solyc12g005990.2",1,"12","",608078,613661,608078,NA,"Pair_136"
"Solyc12g008460.2",-1,"12","",1876247,1882867,1882867,492,"Pair_137"
"Solyc12g008470.2",1,"12","",1883360,1886385,1883360,NA,"Pair_137"
"Solyc12g009390.2",-1,"12","",2672946,2680986,2680986,504,"Pair_138"
"Solyc12g009400.2",1,"12","Pyruvate dehydrogenase E1 component subunit alpha [Source:UniProtKB/TrEMBL;Acc:K4DC28]",2681491,2685948,2681491,NA,"Pair_138"
"Solyc12g009425.1",-1,"12","",2700103,2703757,2703757,668,"Pair_139"
"Solyc12g009430.2",1,"12","",2704426,2706888,2704426,NA,"Pair_139"
"Solyc12g009747.1",-1,"12","",2984205,2985949,2985949,113,"Pair_140"
"Solyc12g009770.1",1,"12","",2986063,2989407,2986063,NA,"Pair_140"
"Solyc12g009970.2",-1,"12","",3119973,3123113,3123113,548,"Pair_141"
"Solyc12g009980.2",1,"12","",3123662,3130130,3123662,NA,"Pair_141"
"Solyc12g010510.2",-1,"12","",3511829,3515771,3515771,897,"Pair_142"
"Solyc12g010520.2",1,"12","",3516669,3519500,3516669,NA,"Pair_142"
"Solyc12g010860.2",-1,"12","14-3-3 protein 8 [Source:UniProtKB/Swiss-Prot;Acc:P93213]",3778092,3784506,3784506,976,"Pair_143"
"Solyc12g010870.2",1,"12","",3785483,3790487,3785483,NA,"Pair_143"
"Solyc12g011310.2",-1,"12","",4145258,4163355,4163355,967,"Pair_144"
"Solyc12g011330.3",1,"12","",4164323,4175079,4164323,NA,"Pair_144"
"Solyc12g013500.2",-1,"12","",4376748,4379134,4379134,688,"Pair_145"
"Solyc12g013510.1",1,"12","Histone H2B [Source:UniProtKB/TrEMBL;Acc:K4DCN6]",4379823,4380242,4379823,NA,"Pair_145"
"Solyc12g014270.2",-1,"12","",5091578,5093422,5093422,769,"Pair_146"
"Solyc12g014280.2",1,"12","",5094192,5099484,5094192,NA,"Pair_146"
"Solyc12g014320.2",-1,"12","Anaphase-promoting complex subunit 6 [Source:Projected from Arabidopsis thaliana (AT1G78770) UniProtKB/Swiss-Prot;Acc:B3DNN5]",5134782,5146260,5146260,744,"Pair_147"
"Solyc12g014330.1",1,"12","",5147005,5148417,5147005,NA,"Pair_147"
"Solyc12g019142.1",-1,"12","",9327671,9333065,9333065,124,"Pair_148"
"Solyc12g019144.1",1,"12","",9333190,9337006,9333190,NA,"Pair_148"
"Solyc12g019760.1",-1,"12","",11634959,11635373,11635373,294,"Pair_149"
"Solyc12g019770.1",1,"12","",11635668,11635823,11635668,NA,"Pair_149"
"Solyc12g062530.2",-1,"12","",33925150,33925795,33925795,883,"Pair_150"
"Solyc12g062540.2",1,"12","",33926679,33927431,33926679,NA,"Pair_150"
"Solyc12g062675.1",-1,"12","",34002444,34021443,34021443,499,"Pair_151"
"Solyc12g062680.2",1,"12","",34021943,34024826,34021943,NA,"Pair_151"
"Solyc12g033020.1",-1,"12","",37778410,37778790,37778790,714,"Pair_152"
"Solyc12g033030.1",1,"12","",37779505,37779753,37779505,NA,"Pair_152"
"Solyc12g033080.1",-1,"12","",37832754,37833296,37833296,746,"Pair_153"
"Solyc12g033090.2",1,"12","",37834043,37834522,37834043,NA,"Pair_153"
"Solyc12g035720.1",-1,"12","",44462234,44464301,44464301,769,"Pair_154"
"Solyc12g035730.1",1,"12","",44465071,44465451,44465071,NA,"Pair_154"
"Solyc12g036095.1",-1,"12","",45096737,45100750,45100750,120,"Pair_155"
"Solyc12g036140.2",1,"12","",45100871,45113040,45100871,NA,"Pair_155"
"Solyc12g038423.1",-1,"12","",51044065,51045447,51045447,553,"Pair_156"
"Solyc12g038427.1",1,"12","",51046001,51050623,51046001,NA,"Pair_156"
"Solyc12g039105.1",-1,"12","",53270491,53271496,53271496,986,"Pair_157"
"Solyc12g039110.1",1,"12","",53272483,53273225,53272483,NA,"Pair_157"
"Solyc12g042130.1",-1,"12","",58082968,58083490,58083490,685,"Pair_158"
"Solyc12g042140.2",1,"12","",58084176,58084773,58084176,NA,"Pair_158"
"Solyc12g088110.2",-1,"12","",64554056,64567515,64567515,269,"Pair_159"
"Solyc12g088120.1",1,"12","",64567785,64569312,64567785,NA,"Pair_159"
"Solyc12g088350.2",-1,"12","",64753143,64753223,64753223,346,"Pair_160"
"Solyc12g088360.2",1,"12","",64753570,64755991,64753570,NA,"Pair_160"
"Solyc12g094480.2",-1,"12","",65679729,65683467,65683467,684,"Pair_161"
"Solyc12g094490.2",1,"12","Polyadenylation and cleavage factor homolog 4 [Source:Projected from Arabidopsis thaliana (AT4G04885) UniProtKB/Swiss-Prot;Acc:Q0WPF2]",65684152,65692648,65684152,NA,"Pair_161"
"Solyc12g095920.2",-1,"12","",65999753,66004479,66004479,492,"Pair_162"
"Solyc12g095930.2",1,"12","Serine hydroxymethyltransferase [Source:UniProtKB/TrEMBL;Acc:K4DH66]",66004972,66010222,66004972,NA,"Pair_162"
"Solyc12g096090.2",-1,"12","",66130270,66138440,66138440,601,"Pair_163"
"Solyc12g096100.1",1,"12","Protein PAM68, chloroplastic [Source:Projected from Arabidopsis thaliana (AT4G19100) UniProtKB/Swiss-Prot;Acc:O49668]",66139042,66139623,66139042,NA,"Pair_163"
"Solyc12g096140.2",-1,"12","",66160262,66163437,66163437,742,"Pair_164"
"Solyc12g096150.2",1,"12","60S ribosomal protein L13 [Source:UniProtKB/TrEMBL;Acc:K4DH88]",66164180,66167024,66164180,NA,"Pair_164"
"Solyc12g096380.1",-1,"12","",66304366,66306721,66306721,989,"Pair_165"
"Solyc12g096390.2",1,"12","",66307711,66311517,66307711,NA,"Pair_165"
"Solyc12g096590.2",-1,"12","",66423047,66427297,66427297,102,"Pair_166"
"Solyc12g096610.2",1,"12","",66427400,66433435,66427400,NA,"Pair_166"
"Solyc12g097010.2",-1,"12","",66667722,66673013,66673013,326,"Pair_167"
"Solyc12g097030.2",1,"12","Carboxyl-terminal-processing peptidase 2, chloroplastic [Source:Projected from Arabidopsis thaliana (AT4G17740) UniProtKB/Swiss-Prot;Acc:O23614]",66673340,66682169,66673340,NA,"Pair_167"
"Solyc12g098980.2",-1,"12","Pto-interacting protein 1 [Source:UniProtKB/Swiss-Prot;Acc:Q41328]",67289128,67293705,67293705,568,"Pair_168"
"Solyc12g098990.2",1,"12","",67294274,67297642,67294274,NA,"Pair_168"
"Solyc12g099050.1",-1,"12","",67329802,67329984,67329984,173,"Pair_169"
"Solyc12g099060.1",1,"12","",67330158,67331340,67330158,NA,"Pair_169"
"Solyc12g099270.2",-1,"12","",67450146,67455648,67455648,847,"Pair_170"
"Solyc12g099280.2",1,"12","",67456496,67465579,67456496,NA,"Pair_170"
"Solyc12g099470.2",-1,"12","",67590281,67596659,67596659,574,"Pair_171"
"Solyc12g099480.2",1,"12","",67597234,67601573,67597234,NA,"Pair_171"
"Solyc12g099520.2",-1,"12","",67625845,67627400,67627400,447,"Pair_172"
"Solyc12g099530.2",1,"12","",67627848,67633056,67627848,NA,"Pair_172"
"Solyc12g099620.1",-1,"12","",67678660,67680945,67680945,472,"Pair_173"
"Solyc12g099630.2",1,"12","",67681418,67688169,67681418,NA,"Pair_173"
"Solyc12g099740.2",-1,"12","",67738370,67759715,67759715,687,"Pair_174"
"Solyc12g099770.2",1,"12","Mitochondrial fission 1 protein [Source:UniProtKB/TrEMBL;Acc:K4DHZ8]",67760403,67764528,67760403,NA,"Pair_174"
"Solyc12g099780.2",-1,"12","",67765747,67768996,67768996,907,"Pair_175"
"Solyc12g099790.2",1,"12","",67769904,67774489,67769904,NA,"Pair_175"
"Solyc12g099990.2",-1,"12","",67889371,67892678,67892678,901,"Pair_176"
"Solyc12g099995.1",1,"12","",67893580,67895940,67893580,NA,"Pair_176"
"Solyc12g100070.2",-1,"12","",67929916,67931171,67931171,819,"Pair_177"
"Solyc12g100080.1",1,"12","",67931991,67933016,67931991,NA,"Pair_177"
"Solyc12g100280.2",-1,"12","",68029506,68030644,68030644,928,"Pair_178"
"Solyc12g100290.2",1,"12","",68031573,68047401,68031573,NA,"Pair_178"
"Solyc02g011860.1",-1,"2","",14146576,14146929,14146929,218,"Pair_179"
"Solyc02g011870.2",1,"2","",14147148,14147625,14147148,NA,"Pair_179"
"Solyc02g011970.2",-1,"2","",14175701,14176742,14176742,433,"Pair_180"
"Solyc02g011975.1",1,"2","",14177176,14177511,14177176,NA,"Pair_180"
"Solyc02g030290.1",-1,"2","",25960033,25961246,25961246,580,"Pair_181"
"Solyc02g030300.3",1,"2","",25961827,25967635,25961827,NA,"Pair_181"
"Solyc02g030350.1",-1,"2","",26015677,26016738,26016738,961,"Pair_182"
"Solyc02g030360.2",1,"2","",26017700,26025799,26017700,NA,"Pair_182"
"Solyc02g033060.3",-1,"2","",30208686,30212449,30212449,982,"Pair_183"
"Solyc02g033070.1",1,"2","",30213432,30214037,30213432,NA,"Pair_183"
"Solyc00g007110.3",-1,"2","",32653877,32678253,32678253,548,"Pair_184"
"Solyc00g007100.3",1,"2","",32678802,32684824,32678802,NA,"Pair_184"
"Solyc02g061820.3",-1,"2","AT5G66055 protein [Source:Projected from Arabidopsis thaliana (AT5G66055) UniProtKB/TrEMBL;Acc:B9DF91]",33889027,33893258,33893258,535,"Pair_185"
"Solyc02g061825.1",1,"2","",33893794,33894360,33893794,NA,"Pair_185"
"Solyc02g062510.3",-1,"2","Peroxidase [Source:UniProtKB/TrEMBL;Acc:K4B6D9]",34747103,34749804,34749804,685,"Pair_186"
"Solyc02g062515.1",1,"2","",34750490,34761155,34750490,NA,"Pair_186"
"Solyc02g064730.3",-1,"2","",36401535,36408528,36408528,945,"Pair_187"
"Solyc02g064740.3",1,"2","",36409474,36415248,36409474,NA,"Pair_187"
"Solyc02g064804.1",-1,"2","",36521735,36522282,36522282,412,"Pair_188"
"Solyc02g064806.1",1,"2","",36522695,36523985,36522695,NA,"Pair_188"
"Solyc02g065080.3",-1,"2","",36814359,36825557,36825557,481,"Pair_189"
"Solyc02g065090.3",1,"2","",36826039,36836514,36826039,NA,"Pair_189"
"Solyc02g068440.3",-1,"2","",38958626,38962584,38962584,342,"Pair_190"
"Solyc02g068450.3",1,"2","",38962927,38968657,38962927,NA,"Pair_190"
"Solyc02g069880.3",-1,"2","",40250576,40256167,40256167,693,"Pair_191"
"Solyc02g069890.1",1,"2","",40256861,40257006,40256861,NA,"Pair_191"
"Solyc02g070393.1",-1,"2","",40684635,40686864,40686864,949,"Pair_192"
"Solyc02g070397.1",1,"2","",40687814,40689419,40687814,NA,"Pair_192"
"Solyc06g043280.1",-1,"2","",40705307,40705462,40705462,459,"Pair_193"
"Solyc02g070410.2",1,"2","",40705922,40709044,40705922,NA,"Pair_193"
"Solyc02g070710.2",-1,"2","Pentatricopeptide repeat-containing protein At3g20730 [Source:Projected from Arabidopsis thaliana (AT3G20730) UniProtKB/Swiss-Prot;Acc:Q9LT48]",40932877,40935109,40935109,759,"Pair_194"
"Solyc02g070720.1",1,"2","",40935869,40937363,40935869,NA,"Pair_194"
"Solyc02g070845.1",-1,"2","",41003242,41007408,41007408,298,"Pair_195"
"Solyc02g070855.1",1,"2","",41007707,41011662,41007707,NA,"Pair_195"
"Solyc02g071597.1",-1,"2","",41569624,41573775,41573775,379,"Pair_196"
"Solyc02g071600.3",1,"2","",41574155,41576709,41574155,NA,"Pair_196"
"Solyc02g077280.3",-1,"2","",42831747,42838487,42838487,564,"Pair_197"
"Solyc02g077290.2",1,"2","Glutamate receptor [Source:UniProtKB/TrEMBL;Acc:G5EKN2]",42839052,42844891,42839052,NA,"Pair_197"
"Solyc02g077500.2",-1,"2","",42977208,42978099,42978099,790,"Pair_198"
"Solyc02g077510.3",1,"2","",42978890,42980144,42978890,NA,"Pair_198"
"Solyc02g077930.2",-1,"2","",43320809,43320955,43320955,290,"Pair_199"
"Solyc02g077940.1",1,"2","",43321246,43321410,43321246,NA,"Pair_199"
"Solyc02g078310.1",-1,"2","",43617031,43617189,43617189,184,"Pair_200"
"Solyc02g078320.2",1,"2","",43617374,43619621,43617374,NA,"Pair_200"
"Solyc02g079260.2",-1,"2","Pentatricopeptide repeat-containing protein At4g13650 [Source:Projected from Arabidopsis thaliana (AT4G13650) UniProtKB/Swiss-Prot;Acc:Q9SVP7]",44420884,44426676,44426676,317,"Pair_201"
"Solyc02g079270.3",1,"2","",44426994,44428151,44426994,NA,"Pair_201"
"Solyc02g079815.1",-1,"2","",44796415,44800118,44800118,177,"Pair_202"
"Solyc02g079830.1",1,"2","",44800296,44801498,44800296,NA,"Pair_202"
"Solyc02g080430.3",-1,"2","Mediator of RNA polymerase II transcription subunit 21 [Source:Projected from Arabidopsis thaliana (AT4G04780) UniProtKB/Swiss-Prot;Acc:C0LU16]",45206060,45208537,45208537,664,"Pair_203"
"Solyc02g080440.3",1,"2","",45209202,45213900,45209202,NA,"Pair_203"
"Solyc02g080810.3",-1,"2","Aminomethyltransferase [Source:UniProtKB/TrEMBL;Acc:K4B9V1]",45493187,45496859,45496859,664,"Pair_204"
"Solyc02g080820.3",1,"2","",45497524,45502084,45497524,NA,"Pair_204"
"Solyc02g081230.3",-1,"2","",45818934,45822769,45822769,904,"Pair_205"
"Solyc02g081240.1",1,"2","",45823674,45824620,45823674,NA,"Pair_205"
"Solyc02g081280.1",-1,"2","",45867342,45867762,45867762,388,"Pair_206"
"Solyc02g081290.3",1,"2","",45868151,45870177,45868151,NA,"Pair_206"
"Solyc02g081540.2",-1,"2","",46016966,46017601,46017601,562,"Pair_207"
"Solyc02g081550.3",1,"2","FtsH protease [Source:UniProtKB/TrEMBL;Acc:Q4W5U8]",46018164,46026278,46018164,NA,"Pair_207"
"Solyc02g081890.3",-1,"2","",46214113,46220943,46220943,631,"Pair_208"
"Solyc02g081900.3",1,"2","Pentatricopeptide repeat-containing protein At3g57430, chloroplastic [Source:Projected from Arabidopsis thaliana (AT3G57430) UniProtKB/Swiss-Prot;Acc:Q7Y211]",46221575,46224244,46221575,NA,"Pair_208"
"Solyc02g083060.1",-1,"2","",47172475,47173468,47173468,925,"Pair_209"
"Solyc02g083070.2",1,"2","",47174394,47175419,47174394,NA,"Pair_209"
"Solyc02g083780.2",-1,"2","",47606181,47609682,47609682,524,"Pair_210"
"Solyc02g083785.1",1,"2","",47610207,47614813,47610207,NA,"Pair_210"
"Solyc02g083835.1",-1,"2","",47660672,47661223,47661223,141,"Pair_211"
"Solyc02g083840.1",1,"2","",47661365,47661520,47661365,NA,"Pair_211"
"Solyc02g085060.2",-1,"2","",48715429,48719865,48719865,894,"Pair_212"
"Solyc02g085070.1",1,"2","",48720760,48722854,48720760,NA,"Pair_212"
"Solyc02g085230.3",-1,"2","",48831603,48844442,48844442,917,"Pair_213"
"Solyc02g085240.3",1,"2","",48845360,48847600,48845360,NA,"Pair_213"
"Solyc02g085550.2",-1,"2","",49022346,49023141,49023141,983,"Pair_214"
"Solyc02g085560.3",1,"2","",49024125,49037732,49024125,NA,"Pair_214"
"Solyc02g086140.1",-1,"2","",49539471,49540157,49540157,375,"Pair_215"
"Solyc02g086145.1",1,"2","Plastidic glucose transporter 4 [Source:Projected from Arabidopsis thaliana (AT5G16150) UniProtKB/Swiss-Prot;Acc:Q56ZZ7]",49540533,49557958,49540533,NA,"Pair_215"
"Solyc02g086213.1",-1,"2","",49577395,49581656,49581656,399,"Pair_216"
"Solyc02g086217.1",1,"2","",49582056,49583833,49582056,NA,"Pair_216"
"Solyc02g086720.1",-1,"2","",49996262,49996456,49996456,543,"Pair_217"
"Solyc02g086730.2",1,"2","",49997000,50001669,49997000,NA,"Pair_217"
"Solyc02g086890.3",-1,"2","PDE329 [Source:Projected from Arabidopsis thaliana (AT3G55250) UniProtKB/TrEMBL;Acc:A0A178VJJ9]",50127475,50129207,50129207,776,"Pair_218"
"Solyc02g086900.3",1,"2","",50129984,50136815,50129984,NA,"Pair_218"
"Solyc02g087590.2",-1,"2","",50612260,50613290,50613290,284,"Pair_219"
"Solyc02g087600.3",1,"2","",50613575,50615747,50613575,NA,"Pair_219"
"Solyc02g088205.1",-1,"2","",51006457,51006977,51006977,874,"Pair_220"
"Solyc02g088210.3",1,"2","",51007852,51014337,51007852,NA,"Pair_220"
"Solyc02g089497.1",-1,"2","",51950746,51951364,51951364,808,"Pair_221"
"Solyc02g089510.3",1,"2","",51952173,51952692,51952173,NA,"Pair_221"
"Solyc02g089540.3",-1,"2","CONSTANS 1 [Source:UniProtKB/TrEMBL;Acc:Q2VY10]",51959904,51963221,51963221,358,"Pair_222"
"Solyc02g089545.1",1,"2","",51963580,51964758,51963580,NA,"Pair_222"
"Solyc02g089660.2",-1,"2","",52050864,52052280,52052280,199,"Pair_223"
"Solyc02g089670.3",1,"2","",52052480,52069207,52052480,NA,"Pair_223"
"Solyc02g090690.2",-1,"2","",52861011,52865621,52865621,714,"Pair_224"
"Solyc02g090710.3",1,"2","",52866336,52873969,52866336,NA,"Pair_224"
"Solyc02g091150.2",-1,"2","",53193592,53194971,53194971,905,"Pair_225"
"Solyc02g091160.3",1,"2","",53195877,53197758,53195877,NA,"Pair_225"
"Solyc02g091280.3",-1,"2","ATP-dependent Clp protease proteolytic subunit [Source:UniProtKB/TrEMBL;Acc:K4BCS6]",53259288,53263872,53263872,487,"Pair_226"
"Solyc02g091290.3",1,"2","",53264360,53271391,53264360,NA,"Pair_226"
"Solyc02g091390.3",-1,"2","",53322436,53326575,53326575,220,"Pair_227"
"Solyc02g091400.1",1,"2","",53326796,53327260,53326796,NA,"Pair_227"
"Solyc02g092280.1",-1,"2","",54047671,54048006,54048006,644,"Pair_228"
"Solyc02g092285.1",1,"2","",54048651,54049544,54048651,NA,"Pair_228"
"Solyc02g092440.3",-1,"2","",54129574,54136167,54136167,771,"Pair_229"
"Solyc02g092450.3",1,"2","",54136939,54151836,54136939,NA,"Pair_229"
"Solyc02g092530.3",-1,"2","",54232495,54237659,54237659,112,"Pair_230"
"Solyc02g092537.1",1,"2","",54237772,54238773,54237772,NA,"Pair_230"
"Solyc02g092740.1",-1,"2","",54353131,54353283,54353283,834,"Pair_231"
"Solyc02g092750.3",1,"2","",54354118,54357522,54354118,NA,"Pair_231"
"Solyc03g005340.3",-1,"3","",196939,204089,204089,564,"Pair_232"
"Solyc03g005350.3",1,"3","",204654,211319,204654,NA,"Pair_232"
"Solyc03g005355.1",-1,"3","",210025,212319,212319,557,"Pair_233"
"Solyc03g005370.1",1,"3","",212877,213044,212877,NA,"Pair_233"
"Solyc03g006170.3",-1,"3","",825238,826646,826646,571,"Pair_234"
"Solyc03g006173.1",1,"3","",827218,828899,827218,NA,"Pair_234"
"Solyc03g006510.3",-1,"3","",1090462,1093559,1093559,123,"Pair_235"
"Solyc03g006520.3",1,"3","",1093683,1102513,1093683,NA,"Pair_235"
"Solyc03g007540.3",-1,"3","",2107707,2114981,2114981,866,"Pair_236"
"Solyc03g007550.3",1,"3","",2115848,2119989,2115848,NA,"Pair_236"
"Solyc03g007650.1",-1,"3","",2189471,2190292,2190292,629,"Pair_237"
"Solyc03g007660.3",1,"3","",2190922,2196507,2190922,NA,"Pair_237"
"Solyc03g025690.3",-1,"3","",3141506,3143092,3143092,765,"Pair_238"
"Solyc03g025700.1",1,"3","Pentatricopeptide repeat-containing protein At4g25270, chloroplastic [Source:Projected from Arabidopsis thaliana (AT4G25270) UniProtKB/Swiss-Prot;Acc:Q9SB36]",3143858,3145477,3143858,NA,"Pair_238"
"Solyc03g025810.3",-1,"3","",3233390,3235734,3235734,590,"Pair_239"
"Solyc03g025820.2",1,"3","Protein SHORTAGE IN CHIASMATA 1 [Source:Projected from Arabidopsis thaliana (AT5G52290) UniProtKB/Swiss-Prot;Acc:F4KG50]",3236325,3247687,3236325,NA,"Pair_239"
"Solyc03g033430.1",-1,"3","",5022904,5023684,5023684,233,"Pair_240"
"Solyc03g033440.1",1,"3","",5023918,5024334,5023918,NA,"Pair_240"
"Solyc03g033830.2",-1,"3","",5464910,5466742,5466742,655,"Pair_241"
"Solyc03g033835.1",1,"3","",5467398,5472502,5467398,NA,"Pair_241"
"Solyc03g034200.3",-1,"3","",5916323,5923224,5923224,716,"Pair_242"
"Solyc03g034202.1",1,"3","",5923941,5926443,5923941,NA,"Pair_242"
"Solyc03g044743.1",-1,"3","",10479988,10482568,10482568,184,"Pair_243"
"Solyc03g044747.1",1,"3","",10482753,10484573,10482753,NA,"Pair_243"
"Solyc03g046540.1",-1,"3","",13067980,13069372,13069372,491,"Pair_244"
"Solyc03g046543.1",1,"3","",13069864,13071193,13069864,NA,"Pair_244"
"Solyc03g013620.1",-1,"3","",45555009,45555491,45555491,771,"Pair_245"
"Solyc03g013610.1",1,"3","50S ribosomal protein L32, chloroplastic [Source:Projected from Arabidopsis thaliana (ATCG01020) UniProtKB/Swiss-Prot;Acc:P61847]",45556263,45556430,45556263,NA,"Pair_245"
"Solyc03g081190.1",-1,"3","",53538645,53538896,53538896,141,"Pair_246"
"Solyc03g081200.2",1,"3","",53539038,53539634,53539038,NA,"Pair_246"
"Solyc03g082730.1",-1,"3","",54061146,54061325,54061325,354,"Pair_247"
"Solyc03g082740.3",1,"3","Protein yippee-like [Source:UniProtKB/TrEMBL;Acc:K4BI50]",54061680,54063771,54061680,NA,"Pair_247"
"Solyc03g082885.1",-1,"3","",54211155,54211505,54211505,931,"Pair_248"
"Solyc03g082890.3",1,"3","",54212437,54215037,54212437,NA,"Pair_248"
"Solyc03g083580.3",-1,"3","Mitochondrial intermediate peptidase, mitochondrial [Source:Projected from Arabidopsis thaliana (AT5G51540) UniProtKB/Swiss-Prot;Acc:F4KDA5]",54958600,54972348,54972348,105,"Pair_249"
"Solyc03g083590.3",1,"3","Probable serine/threonine protein kinase IRE [Source:Projected from Arabidopsis thaliana (AT5G62310) UniProtKB/Swiss-Prot;Acc:Q9LE81]",54972454,54984880,54972454,NA,"Pair_249"
"Solyc03g093170.1",-1,"3","",55809485,55811218,55811218,278,"Pair_250"
"Solyc03g093180.1",1,"3","Peroxisomal membrane protein 11B [Source:Projected from Arabidopsis thaliana (AT3G47430) UniProtKB/Swiss-Prot;Acc:Q9STY0]",55811497,55812171,55811497,NA,"Pair_250"
"Solyc03g093850.2",-1,"3","ATP-dependent DNA helicase SRS2-like protein At4g25120 [Source:Projected from Arabidopsis thaliana (AT4G25120) UniProtKB/Swiss-Prot;Acc:D1KF50]",56941925,56965050,56965050,366,"Pair_251"
"Solyc03g093870.1",1,"3","",56965417,56965941,56965417,NA,"Pair_251"
"Solyc03g095860.3",-1,"3","",58966397,58968701,58968701,109,"Pair_252"
"Solyc03g095870.2",1,"3","",58968811,58971676,58968811,NA,"Pair_252"
"Solyc03g096110.2",-1,"3","",59411285,59411889,59411889,581,"Pair_253"
"Solyc03g096120.1",1,"3","Protein yippee-like [Source:UniProtKB/TrEMBL;Acc:K4BJ34]",59412471,59413369,59412471,NA,"Pair_253"
"Solyc03g096540.3",-1,"3","",60134470,60136060,60136060,836,"Pair_254"
"Solyc03g096550.3",1,"3","",60136897,60138270,60136897,NA,"Pair_254"
"Solyc03g097200.3",-1,"3","",60953205,60957537,60957537,837,"Pair_255"
"Solyc03g097210.3",1,"3","",60958375,60962377,60958375,NA,"Pair_255"
"Solyc03g098410.1",-1,"3","",62163214,62163567,62163567,981,"Pair_256"
"Solyc03g098420.3",1,"3","",62164549,62167259,62164549,NA,"Pair_256"
"Solyc03g112320.3",-1,"3","Ferric reduction oxidase 8, mitochondrial [Source:Projected from Arabidopsis thaliana (AT5G50160) UniProtKB/Swiss-Prot;Acc:Q8VY13]",64240271,64243128,64243128,516,"Pair_257"
"Solyc03g112330.3",1,"3","",64243645,64248787,64243645,NA,"Pair_257"
"Solyc03g112370.1",-1,"3","",64274424,64274657,64274657,711,"Pair_258"
"Solyc03g112380.1",1,"3","",64275369,64275602,64275369,NA,"Pair_258"
"Solyc03g112500.3",-1,"3","",64381525,64385205,64385205,256,"Pair_259"
"Solyc03g112510.2",1,"3","",64385462,64390554,64385462,NA,"Pair_259"
"Solyc03g112820.3",-1,"3","",64611789,64619785,64619785,775,"Pair_260"
"Solyc03g112830.3",1,"3","",64620561,64626935,64620561,NA,"Pair_260"
"Solyc03g112980.1",-1,"3","",64776549,64776752,64776752,985,"Pair_261"
"Solyc03g112990.1",1,"3","",64777738,64778466,64777738,NA,"Pair_261"
"Solyc03g113140.3",-1,"3","",64886518,64892027,64892027,610,"Pair_262"
"Solyc03g113150.3",1,"3","Pectate lyase [Source:UniProtKB/TrEMBL;Acc:K4BKG8]",64892638,64895799,64892638,NA,"Pair_262"
"Solyc03g113230.2",-1,"3","",64924407,64925881,64925881,741,"Pair_263"
"Solyc03g113240.3",1,"3","",64926623,64936307,64926623,NA,"Pair_263"
"Solyc03g114750.3",-1,"3","",66138043,66141613,66141613,644,"Pair_264"
"Solyc03g114760.3",1,"3","MPB2C [Source:Projected from Arabidopsis thaliana (AT5G08120) UniProtKB/TrEMBL;Acc:A0A178UL06]",66142258,66146717,66142258,NA,"Pair_264"
"Solyc03g114920.1",-1,"3","",66266448,66268016,66268016,899,"Pair_265"
"Solyc03g114930.3",1,"3","",66268916,66275650,66268916,NA,"Pair_265"
"Solyc03g115020.3",-1,"3","",66357632,66363575,66363575,657,"Pair_266"
"Solyc03g115030.3",1,"3","",66364233,66368612,66364233,NA,"Pair_266"
"Solyc03g115790.1",-1,"3","",66876641,66878299,66878299,368,"Pair_267"
"Solyc03g115800.1",1,"3","",66878668,66879948,66878668,NA,"Pair_267"
"Solyc03g116130.2",-1,"3","",67115901,67118879,67118879,728,"Pair_268"
"Solyc03g116140.3",1,"3","",67119608,67124055,67119608,NA,"Pair_268"
"Solyc03g116390.3",-1,"3","Late embryogenesis abundant protein [Source:UniProtKB/TrEMBL;Acc:E1AZA3]",67342006,67342705,67342705,644,"Pair_269"
"Solyc03g116410.2",1,"3","",67343350,67351348,67343350,NA,"Pair_269"
"Solyc03g116800.3",-1,"3","",67557301,67557791,67557791,524,"Pair_270"
"Solyc03g116810.3",1,"3","",67558316,67565670,67558316,NA,"Pair_270"
"Solyc03g118250.3",-1,"3","",68648404,68654139,68654139,735,"Pair_271"
"Solyc03g118260.2",1,"3","",68654875,68670755,68654875,NA,"Pair_271"
"Solyc03g118430.3",-1,"3","Stromal processing peptidase, chloroplastic [Source:Projected from Arabidopsis thaliana (AT5G42390) UniProtKB/Swiss-Prot;Acc:Q9FIH8]",68787719,68805083,68805083,743,"Pair_272"
"Solyc03g118440.2",1,"3","",68805827,68807846,68805827,NA,"Pair_272"
"Solyc03g118680.3",-1,"3","",69020610,69027224,69027224,796,"Pair_273"
"Solyc03g118690.3",1,"3","Outer envelope protein 64, chloroplastic [Source:Projected from Arabidopsis thaliana (AT3G17970) UniProtKB/Swiss-Prot;Acc:Q9LVH5]",69028021,69036686,69028021,NA,"Pair_273"
"Solyc03g118910.1",-1,"3","T-complex protein 1 subunit delta [Source:UniProtKB/TrEMBL;Acc:K4BM40]",69168215,69169834,69169834,829,"Pair_274"
"Solyc03g118920.3",1,"3","",69170664,69181246,69170664,NA,"Pair_274"
"Solyc03g119220.3",-1,"3","Kinesin-like protein [Source:UniProtKB/TrEMBL;Acc:K4BM71]",69356906,69362957,69362957,890,"Pair_275"
"Solyc03g119225.1",1,"3","",69363848,69364130,69363848,NA,"Pair_275"
"Solyc03g119460.3",-1,"3","Hydroxyproline-rich glycoprotein family protein [Source:Projected from Arabidopsis thaliana (AT1G73840) UniProtKB/TrEMBL;Acc:Q8VYM7]",69551240,69557441,69557441,761,"Pair_276"
"Solyc03g119470.2",1,"3","",69558203,69565623,69558203,NA,"Pair_276"
"Solyc03g119895.1",-1,"3","",69910426,69913821,69913821,651,"Pair_277"
"Solyc03g119900.3",1,"3","",69914473,69919874,69914473,NA,"Pair_277"
"Solyc03g121910.1",-1,"3","",71410818,71412377,71412377,595,"Pair_278"
"Solyc03g121920.3",1,"3","",71412973,71415651,71412973,NA,"Pair_278"
"Solyc03g123380.1",-1,"3","",71762144,71762515,71762515,674,"Pair_279"
"Solyc03g123390.3",1,"3","",71763190,71767139,71763190,NA,"Pair_279"
"Solyc03g123690.1",-1,"3","",71958190,71958624,71958624,677,"Pair_280"
"Solyc03g123700.3",1,"3","",71959302,71966524,71959302,NA,"Pair_280"
"Solyc03g123710.3",-1,"3","",71964338,71966702,71966702,762,"Pair_281"
"Solyc03g123720.3",1,"3","",71967465,71971582,71967465,NA,"Pair_281"
"Solyc04g005460.1",-1,"4","",318153,319745,319745,872,"Pair_282"
"Solyc04g005470.3",1,"4","",320618,322739,320618,NA,"Pair_282"
"Solyc04g005480.1",-1,"4","",323319,323831,323831,898,"Pair_283"
"Solyc04g005490.3",1,"4","",324730,332743,324730,NA,"Pair_283"
"Solyc04g008270.3",-1,"4","",1950062,1954078,1954078,659,"Pair_284"
"Solyc04g008280.2",1,"4","4-hydroxy-4-methyl-2-oxoglutarate aldolase [Source:UniProtKB/TrEMBL;Acc:K4BNY4]",1954738,1957735,1954738,NA,"Pair_284"
"Solyc04g008310.2",-1,"4","",1986333,1987685,1987685,884,"Pair_285"
"Solyc04g008320.2",1,"4","",1988570,1988861,1988570,NA,"Pair_285"
"Solyc04g008340.2",-1,"4","IAA-alanine resistance protein 1 [Source:Projected from Arabidopsis thaliana (AT1G68100) UniProtKB/Swiss-Prot;Acc:Q9M647]",1997045,2005120,2005120,458,"Pair_286"
"Solyc04g008360.3",1,"4","",2005579,2011117,2005579,NA,"Pair_286"
"Solyc04g008750.3",-1,"4","Transcription elongation factor SPT4 homolog [Source:UniProtKB/TrEMBL;Acc:K4BP31]",2407800,2412225,2412225,786,"Pair_287"
"Solyc04g008760.2",1,"4","Homoserine kinase [Source:Projected from Arabidopsis thaliana (AT2G17265) UniProtKB/Swiss-Prot;Acc:Q8L7R2]",2413012,2414145,2413012,NA,"Pair_287"
"Solyc04g009420.3",-1,"4","",2840804,2842887,2842887,701,"Pair_288"
"Solyc04g009430.3",1,"4","sirtuin 2 [Source:Projected from Arabidopsis thaliana (AT5G09230) TAIR;Acc:AT5G09230]",2843589,2851613,2843589,NA,"Pair_288"
"Solyc04g014200.1",-1,"4","",4507696,4508676,4508676,727,"Pair_289"
"Solyc04g014210.3",1,"4","",4509404,4517860,4509404,NA,"Pair_289"
"Solyc04g014370.3",-1,"4","",4625133,4631329,4631329,207,"Pair_290"
"Solyc04g014380.3",1,"4","",4631537,4636650,4631537,NA,"Pair_290"
"Solyc04g014980.1",-1,"4","",5190055,5190219,5190219,742,"Pair_291"
"Solyc04g014990.2",1,"4","",5190962,5192373,5190962,NA,"Pair_291"
"Solyc04g016280.3",-1,"4","",7067806,7072520,7072520,567,"Pair_292"
"Solyc04g016290.3",1,"4","",7073088,7079025,7073088,NA,"Pair_292"
"Solyc04g016380.3",-1,"4","",7186223,7190601,7190601,989,"Pair_293"
"Solyc04g016390.2",1,"4","",7191591,7194015,7191591,NA,"Pair_293"
"Solyc04g017650.3",-1,"4","",7717993,7726323,7726323,828,"Pair_294"
"Solyc04g017655.1",1,"4","",7727152,7729768,7727152,NA,"Pair_294"
"Solyc04g026255.1",-1,"4","",18187894,18189023,18189023,508,"Pair_295"
"Solyc04g026230.1",1,"4","",18189532,18190552,18189532,NA,"Pair_295"
"Solyc04g025570.2",-1,"4","",21821862,21823449,21823449,695,"Pair_296"
"Solyc04g025560.3",1,"4","",21824145,21828808,21824145,NA,"Pair_296"
"Solyc04g024570.1",-1,"4","",30071606,30073013,30073013,768,"Pair_297"
"Solyc04g024560.2",1,"4","",30073782,30074540,30073782,NA,"Pair_297"
"Solyc04g047723.1",-1,"4","",35896827,35898266,35898266,291,"Pair_298"
"Solyc04g047727.1",1,"4","",35898558,35901961,35898558,NA,"Pair_298"
"Solyc04g052895.1",-1,"4","",51202153,51202539,51202539,539,"Pair_299"
"Solyc04g052910.2",1,"4","",51203079,51203399,51203079,NA,"Pair_299"
"Solyc04g054460.3",-1,"4","",52491523,52497933,52497933,898,"Pair_300"
"Solyc04g054470.3",1,"4","",52498832,52510558,52498832,NA,"Pair_300"
"Solyc04g056700.1",-1,"4","",54613570,54614020,54614020,166,"Pair_301"
"Solyc04g056705.1",1,"4","",54614187,54617761,54614187,NA,"Pair_301"
"Solyc04g064650.1",-1,"4","",55827991,55829841,55829841,869,"Pair_302"
"Solyc04g064660.1",1,"4","",55830711,55832297,55830711,NA,"Pair_302"
"Solyc04g064890.3",-1,"4","",56054188,56054403,56054403,168,"Pair_303"
"Solyc04g064900.2",1,"4","",56054572,56056554,56054572,NA,"Pair_303"
"Solyc04g072590.2",-1,"4","",59652785,59654196,59654196,893,"Pair_304"
"Solyc04g072600.2",1,"4","",59655090,59656233,59655090,NA,"Pair_304"
"Solyc04g072870.2",-1,"4","",59915401,59916305,59916305,516,"Pair_305"
"Solyc04g072880.3",1,"4","",59916822,59923576,59916822,NA,"Pair_305"
"Solyc04g074120.3",-1,"4","Synaptonemal complex protein 1 [Source:Projected from Arabidopsis thaliana (AT1G22260) UniProtKB/Swiss-Prot;Acc:Q9LME2]",60208162,60217426,60217426,977,"Pair_306"
"Solyc04g074130.3",1,"4","",60218404,60226020,60218404,NA,"Pair_306"
"Solyc04g074560.1",-1,"4","",60624149,60624397,60624397,312,"Pair_307"
"Solyc04g074570.1",1,"4","",60624710,60624880,60624710,NA,"Pair_307"
"Solyc04g074620.1",-1,"4","",60649909,60650256,60650256,486,"Pair_308"
"Solyc04g074630.3",1,"4","Serine--tRNA ligase, chloroplastic/mitochondrial [Source:Projected from Arabidopsis thaliana (AT1G11870) UniProtKB/Swiss-Prot;Acc:Q8RWT8]",60650743,60655122,60650743,NA,"Pair_308"
"Solyc04g076157.1",-1,"4","",61197159,61198344,61198344,302,"Pair_309"
"Solyc04g076180.3",1,"4","",61198647,61212943,61198647,NA,"Pair_309"
"Solyc04g076410.3",-1,"4","",61398241,61401921,61401921,222,"Pair_310"
"Solyc04g076420.3",1,"4","Double-stranded RNA-binding protein 1 [Source:Projected from Arabidopsis thaliana (AT1G09700) UniProtKB/Swiss-Prot;Acc:O04492]",61402144,61407360,61402144,NA,"Pair_310"
"Solyc04g076590.2",-1,"4","",61580737,61580982,61580982,761,"Pair_311"
"Solyc04g076600.2",1,"4","",61581744,61586086,61581744,NA,"Pair_311"
"Solyc04g077420.3",-1,"4","",62419697,62425933,62425933,802,"Pair_312"
"Solyc04g077430.3",1,"4","",62426736,62439548,62426736,NA,"Pair_312"
"Solyc04g078145.1",-1,"4","Protein TRIGALACTOSYLDIACYLGLYCEROL 5, chloroplastic [Source:Projected from Arabidopsis thaliana (AT1G27695) UniProtKB/Swiss-Prot;Acc:Q8VY77]",63052924,63055931,63055931,116,"Pair_313"
"Solyc04g078160.3",1,"4","",63056048,63059856,63056048,NA,"Pair_313"
"Solyc04g079470.3",-1,"4","",64032976,64039022,64039022,174,"Pair_314"
"Solyc04g079500.2",1,"4","",64039197,64040405,64039197,NA,"Pair_314"
"Solyc04g080860.1",-1,"4","",65011845,65012030,65012030,177,"Pair_315"
"Solyc04g080870.1",1,"4","",65012208,65012468,65012208,NA,"Pair_315"
"Solyc04g081150.3",-1,"4","Histone H3 [Source:UniProtKB/TrEMBL;Acc:Q6LB28]",65256625,65261499,65261499,515,"Pair_316"
"Solyc04g081160.3",1,"4","",65262015,65265040,65262015,NA,"Pair_316"
"Solyc04g081420.3",-1,"4","",65489687,65495643,65495643,351,"Pair_317"
"Solyc04g081430.3",1,"4","Mediator of RNA polymerase II transcription subunit 7 [Source:UniProtKB/TrEMBL;Acc:K4BVM2]",65495995,65500534,65495995,NA,"Pair_317"
"Solyc04g081940.3",-1,"4","",65871274,65874285,65874285,731,"Pair_318"
"Solyc04g081955.1",1,"4","",65875017,65879031,65875017,NA,"Pair_318"
"Solyc04g082300.2",-1,"4","",66100270,66106888,66106888,784,"Pair_319"
"Solyc04g082310.3",1,"4","",66107673,66114840,66107673,NA,"Pair_319"
"Solyc04g082340.3",-1,"4","",66132406,66137698,66137698,620,"Pair_320"
"Solyc04g082360.2",1,"4","",66138319,66144352,66138319,NA,"Pair_320"
"Solyc04g082600.3",-1,"4","Probable protein phosphatase 2C 27 [Source:Projected from Arabidopsis thaliana (AT2G33700) UniProtKB/Swiss-Prot;Acc:P93006]",66314607,66320833,66320833,314,"Pair_321"
"Solyc04g082610.3",1,"4","Glutamate receptor 3.3 [Source:Projected from Arabidopsis thaliana (AT1G42540) UniProtKB/Swiss-Prot;Acc:Q9C8E7]",66321148,66334779,66321148,NA,"Pair_321"
"Solyc04g082940.3",-1,"4","",66497293,66499506,66499506,168,"Pair_322"
"Solyc04g082950.3",1,"4","Galactan beta-1,4-galactosyltransferase GALS1 [Source:Projected from Arabidopsis thaliana (AT2G33570) UniProtKB/Swiss-Prot;Acc:O22807]",66499675,66502524,66499675,NA,"Pair_322"
"Solyc05g005220.1",-1,"5","",187570,188346,188346,938,"Pair_323"
"Solyc05g005230.3",1,"5","",189285,190277,189285,NA,"Pair_323"
"Solyc05g005240.2",-1,"5","Plant-specific transcription factor YABBY family protein [Source:Projected from Arabidopsis thaliana (AT1G23420) TAIR;Acc:AT1G23420]",191069,194070,194070,150,"Pair_324"
"Solyc05g005250.3",1,"5","Partially similar to pantothenate kinase family protein [Source:UniProtKB/TrEMBL;Acc:Q53U34]",194221,204116,194221,NA,"Pair_324"
"Solyc05g005325.1",-1,"5","",256902,261417,261417,952,"Pair_325"
"Solyc05g005330.3",1,"5","",262370,271073,262370,NA,"Pair_325"
"Solyc05g005790.3",-1,"5","RING-H2 finger protein ATL47 [Source:Projected from Arabidopsis thaliana (AT1G23980) UniProtKB/Swiss-Prot;Acc:Q8GW38]",611270,614020,614020,127,"Pair_326"
"Solyc05g005800.3",1,"5","",614148,624978,614148,NA,"Pair_326"
"Solyc05g006140.1",-1,"5","",844646,845323,845323,707,"Pair_327"
"Solyc05g006145.1",1,"5","",846031,846564,846031,NA,"Pair_327"
"Solyc05g006940.3",-1,"5","",1536706,1542163,1542163,663,"Pair_328"
"Solyc05g006950.3",1,"5","Embryo yellow protein [Source:UniProtKB/TrEMBL;Acc:K4BWM1]",1542827,1548472,1542827,NA,"Pair_328"
"Solyc05g007090.3",-1,"5","",1668460,1672455,1672455,512,"Pair_329"
"Solyc05g007100.3",1,"5","",1672968,1676510,1672968,NA,"Pair_329"
"Solyc05g007390.1",-1,"5","",1991471,1992325,1992325,352,"Pair_330"
"Solyc05g007400.1",1,"5","",1992678,1993820,1992678,NA,"Pair_330"
"Solyc05g007530.1",-1,"5","",2085614,2086732,2086732,743,"Pair_331"
"Solyc05g007540.2",1,"5","",2087476,2088342,2087476,NA,"Pair_331"
"Solyc05g007730.3",-1,"5","",2205110,2207814,2207814,671,"Pair_332"
"Solyc05g007740.2",1,"5","",2208486,2212549,2208486,NA,"Pair_332"
"Solyc05g007900.2",-1,"5","",2345416,2346253,2346253,899,"Pair_333"
"Solyc05g007910.3",1,"5","",2347153,2349344,2347153,NA,"Pair_333"
"Solyc05g008720.1",-1,"5","",2983552,2984135,2984135,482,"Pair_334"
"Solyc05g008730.1",1,"5","",2984618,2985118,2984618,NA,"Pair_334"
"Solyc05g008740.1",-1,"5","",2986637,2987413,2987413,934,"Pair_335"
"Solyc05g008750.3",1,"5","SCI1 [Source:Projected from Arabidopsis thaliana (AT1G79200) UniProtKB/TrEMBL;Acc:A0A178WDT9]",2988348,2991806,2988348,NA,"Pair_335"
"Solyc05g010080.3",-1,"5","",4275714,4279684,4279684,639,"Pair_336"
"Solyc05g010090.1",1,"5","",4280324,4280509,4280324,NA,"Pair_336"
"Solyc05g010500.1",-1,"5","",4714582,4715400,4715400,803,"Pair_337"
"Solyc05g010510.1",1,"5","",4716204,4717261,4716204,NA,"Pair_337"
"Solyc05g010570.3",-1,"5","",4773213,4780696,4780696,852,"Pair_338"
"Solyc05g010565.1",1,"5","",4781549,4782038,4781549,NA,"Pair_338"
"Solyc05g012510.3",-1,"5","Alpha-1,4 glucan phosphorylase [Source:UniProtKB/TrEMBL;Acc:K4BXX3]",5761181,5767365,5767365,686,"Pair_339"
"Solyc05g012520.3",1,"5","Putative SNAP25 homologous protein SNAP30 [Source:Projected from Arabidopsis thaliana (AT1G13890) UniProtKB/Swiss-Prot;Acc:Q9LMG8]",5768052,5771312,5768052,NA,"Pair_339"
"Solyc05g013190.3",-1,"5","",6269123,6272999,6272999,233,"Pair_340"
"Solyc05g013200.1",1,"5","Pentatricopeptide repeat-containing protein At2g02980, chloroplastic [Source:Projected from Arabidopsis thaliana (AT2G02980) UniProtKB/Swiss-Prot;Acc:Q8LK93]",6273233,6275050,6273233,NA,"Pair_340"
"Solyc05g013967.1",-1,"5","",7467602,7470606,7470606,553,"Pair_341"
"Solyc05g013970.3",1,"5","",7471160,7474378,7471160,NA,"Pair_341"
"Solyc05g014255.1",-1,"5","",8039376,8044150,8044150,364,"Pair_342"
"Solyc05g014260.3",1,"5","Two-component response regulator [Source:Projected from Arabidopsis thaliana (AT1G67710) UniProtKB/TrEMBL;Acc:Q0WRT0]",8044515,8050118,8044515,NA,"Pair_342"
"Solyc05g016120.2",-1,"5","",14612729,14613849,14613849,155,"Pair_343"
"Solyc05g016130.2",1,"5","",14614005,14614250,14614005,NA,"Pair_343"
"Solyc05g017970.1",-1,"5","",19342141,19342362,19342362,486,"Pair_344"
"Solyc05g017980.3",1,"5","",19342849,19351026,19342849,NA,"Pair_344"
"Solyc05g018240.3",-1,"5","",20273448,20274987,20274987,813,"Pair_345"
"Solyc05g018237.1",1,"5","",20275801,20282938,20275801,NA,"Pair_345"
"Solyc05g018830.2",-1,"5","",24170866,24175092,24175092,993,"Pair_346"
"Solyc05g018835.1",1,"5","",24176086,24199865,24176086,NA,"Pair_346"
"Solyc05g024050.1",-1,"5","",30349132,30349963,30349963,598,"Pair_347"
"Solyc05g024055.1",1,"5","",30350562,30350814,30350562,NA,"Pair_347"
"Solyc05g024173.1",-1,"5","",30607298,30607855,30607855,782,"Pair_348"
"Solyc05g024177.1",1,"5","",30608638,30613642,30608638,NA,"Pair_348"
"Solyc05g024230.2",-1,"5","",30890537,30897748,30897748,885,"Pair_349"
"Solyc05g024240.3",1,"5","",30898634,30900443,30898634,NA,"Pair_349"
"Solyc05g050100.1",-1,"5","",60941782,60941955,60941955,935,"Pair_350"
"Solyc05g050110.3",1,"5","",60942891,60947196,60942891,NA,"Pair_350"
"Solyc05g050310.1",-1,"5","",61294412,61294591,61294591,427,"Pair_351"
"Solyc05g050320.3",1,"5","",61295019,61297742,61295019,NA,"Pair_351"
"Solyc05g052110.3",-1,"5","Pectinesterase [Source:UniProtKB/TrEMBL;Acc:K4C1P2]",63278489,63282866,63282866,517,"Pair_352"
"Solyc05g052120.3",1,"5","",63283384,63287495,63283384,NA,"Pair_352"
"Solyc05g052160.3",-1,"5","",63302601,63307348,63307348,847,"Pair_353"
"Solyc05g052170.3",1,"5","",63308196,63312484,63308196,NA,"Pair_353"
"Solyc05g052190.3",-1,"5","",63316507,63320750,63320750,970,"Pair_354"
"Solyc05g052200.3",1,"5","",63321721,63338279,63321721,NA,"Pair_354"
"Solyc05g053430.3",-1,"5","DNA-directed RNA polymerase subunit [Source:UniProtKB/TrEMBL;Acc:K4C223]",64361869,64365909,64365909,764,"Pair_355"
"Solyc05g053440.3",1,"5","60S ribosomal protein L29 [Source:UniProtKB/TrEMBL;Acc:K4C224]",64366674,64367961,64366674,NA,"Pair_355"
"Solyc05g053480.3",-1,"5","Hydroxyethylthiazole kinase [Source:Projected from Arabidopsis thaliana (AT3G24030) UniProtKB/Swiss-Prot;Acc:Q9LIQ4]",64415053,64417211,64417211,974,"Pair_356"
"Solyc05g053490.3",1,"5","",64418186,64423676,64418186,NA,"Pair_356"
"Solyc05g053720.3",-1,"5","O-fucosyltransferase 1 [Source:Projected from Arabidopsis thaliana (AT1G04910) UniProtKB/Swiss-Prot;Acc:Q8W486]",64603902,64610797,64610797,891,"Pair_357"
"Solyc05g053730.3",1,"5","",64611689,64615490,64611689,NA,"Pair_357"
"Solyc05g054010.3",-1,"5","",64834011,64839530,64839530,965,"Pair_358"
"Solyc05g054020.2",1,"5","",64840496,64844954,64840496,NA,"Pair_358"
"Solyc05g055230.2",-1,"5","40S ribosomal protein S17 [Source:UniProtKB/Swiss-Prot;Acc:P49215]",65813803,65816480,65816480,879,"Pair_359"
"Solyc05g055240.3",1,"5","",65817360,65823662,65817360,NA,"Pair_359"
"Solyc05g055350.3",-1,"5","tRNase Z TRZ2, chloroplastic [Source:Projected from Arabidopsis thaliana (AT2G04530) UniProtKB/Swiss-Prot;Acc:Q8L633]",65882348,65887023,65887023,435,"Pair_360"
"Solyc05g055360.3",1,"5","",65887459,65891870,65887459,NA,"Pair_360"
"Solyc05g055550.3",-1,"5","",65995078,65998883,65998883,997,"Pair_361"
"Solyc05g055560.1",1,"5","",65999881,66000246,65999881,NA,"Pair_361"
"Solyc05g055700.3",-1,"5","",66094640,66098208,66098208,896,"Pair_362"
"Solyc05g055710.3",1,"5","",66099105,66102665,66099105,NA,"Pair_362"
"Solyc05g055730.3",-1,"5","",66102411,66108639,66108639,617,"Pair_363"
"Solyc05g055740.3",1,"5","",66109257,66111705,66109257,NA,"Pair_363"
"Solyc05g056010.3",-1,"5","",66247688,66251788,66251788,787,"Pair_364"
"Solyc05g056020.3",1,"5","V-type proton ATPase subunit G [Source:UniProtKB/TrEMBL;Acc:K4C2S7]",66252576,66257262,66252576,NA,"Pair_364"
"Solyc06g005860.2",-1,"6","RRP41L [Source:Projected from Arabidopsis thaliana (AT4G27490) UniProtKB/TrEMBL;Acc:A0A178UYE3]",873516,877731,877731,996,"Pair_365"
"Solyc06g005865.1",1,"6","",878728,882807,878728,NA,"Pair_365"
"Solyc06g007720.2",-1,"6","",1703584,1704997,1704997,536,"Pair_366"
"Solyc06g007740.2",1,"6","",1705534,1710954,1705534,NA,"Pair_366"
"Solyc06g008110.3",-1,"6","",1992158,1997571,1997571,607,"Pair_367"
"Solyc06g008120.1",1,"6","",1998179,1998502,1998179,NA,"Pair_367"
"Solyc06g009640.2",-1,"6","",3583765,3586420,3586420,501,"Pair_368"
"Solyc06g009650.3",1,"6","",3586922,3601278,3586922,NA,"Pair_368"
"Solyc06g009940.1",-1,"6","",4356014,4356232,4356232,104,"Pair_369"
"Solyc06g009950.1",1,"6","",4356337,4356507,4356337,NA,"Pair_369"
"Solyc06g033900.2",-1,"6","",23500472,23501099,23501099,721,"Pair_370"
"Solyc06g033910.2",1,"6","",23501821,23502840,23501821,NA,"Pair_370"
"Solyc06g036200.2",-1,"6","",25776248,25777856,25777856,606,"Pair_371"
"Solyc06g036210.1",1,"6","NAD(P)H-quinone oxidoreductase subunit K, chloroplastic [Source:Projected from Arabidopsis thaliana (ATCG00430) UniProtKB/TrEMBL;Acc:A0A1B1W4U5]",25778463,25779370,25778463,NA,"Pair_371"
"Solyc06g051820.3",-1,"6","",35590763,35596440,35596440,764,"Pair_372"
"Solyc06g051825.1",1,"6","",35597205,35603295,35597205,NA,"Pair_372"
"Solyc06g053200.3",-1,"6","",36036393,36037896,36037896,461,"Pair_373"
"Solyc06g053210.3",1,"6","",36038358,36042125,36038358,NA,"Pair_373"
"Solyc06g061140.3",-1,"6","",39258681,39263152,39263152,112,"Pair_374"
"Solyc06g061150.3",1,"6","",39263265,39276192,39263265,NA,"Pair_374"
"Solyc06g064770.1",-1,"6","",40491905,40492078,40492078,453,"Pair_375"
"Solyc06g064780.1",1,"6","",40492532,40492810,40492532,NA,"Pair_375"
"Solyc06g064910.3",-1,"6","",40583580,40595827,40595827,672,"Pair_376"
"Solyc06g064920.2",1,"6","",40596500,40597782,40596500,NA,"Pair_376"
"Solyc06g065890.1",-1,"6","",41415613,41415768,41415768,240,"Pair_377"
"Solyc06g065900.3",1,"6","",41416009,41420792,41416009,NA,"Pair_377"
"Solyc06g066080.1",-1,"6","",41538725,41540548,41540548,967,"Pair_378"
"Solyc06g066090.3",1,"6","",41541516,41553225,41541516,NA,"Pair_378"
"Solyc06g066660.3",-1,"6","",42002495,42003235,42003235,739,"Pair_379"
"Solyc06g066670.3",1,"6","",42003975,42009283,42003975,NA,"Pair_379"
"Solyc06g067920.3",-1,"6","",42214561,42220992,42220992,823,"Pair_380"
"Solyc06g067930.2",1,"6","",42221816,42224684,42221816,NA,"Pair_380"
"Solyc06g068730.1",-1,"6","",42721574,42724393,42724393,880,"Pair_381"
"Solyc06g068740.3",1,"6","",42725274,42735237,42725274,NA,"Pair_381"
"Solyc06g069723.1",-1,"6","",43544557,43549163,43549163,234,"Pair_382"
"Solyc06g069730.3",1,"6","Chlorophyll a-b binding protein, chloroplastic [Source:UniProtKB/TrEMBL;Acc:Q7M1K8]",43549398,43550597,43549398,NA,"Pair_382"
"Solyc06g070950.2",-1,"6","",43695699,43716645,43716645,862,"Pair_383"
"Solyc06g070960.2",1,"6","",43717508,43724526,43717508,NA,"Pair_383"
"Solyc06g071370.1",-1,"6","",44062064,44062534,44062534,840,"Pair_384"
"Solyc06g071380.3",1,"6","",44063375,44066474,44063375,NA,"Pair_384"
"Solyc06g071450.3",-1,"6","General transcription and DNA repair factor IIH subunit TFB4 [Source:Projected from Arabidopsis thaliana (AT1G18340) UniProtKB/Swiss-Prot;Acc:Q8LF41]",44098814,44106039,44106039,620,"Pair_385"
"Solyc06g071470.3",1,"6","",44106660,44118594,44106660,NA,"Pair_385"
"Solyc06g072530.3",-1,"6","CASP-like protein [Source:UniProtKB/TrEMBL;Acc:K4C8X3]",44883846,44884966,44884966,698,"Pair_386"
"Solyc06g072540.1",1,"6","",44885665,44885991,44885665,NA,"Pair_386"
"Solyc06g072590.3",-1,"6","",44910223,44912837,44912837,780,"Pair_387"
"Solyc06g072600.3",1,"6","",44913618,44915543,44913618,NA,"Pair_387"
"Solyc06g073245.1",-1,"6","",45277008,45277784,45277784,564,"Pair_388"
"Solyc06g073250.1",1,"6","",45278349,45278525,45278349,NA,"Pair_388"
"Solyc06g073400.3",-1,"6","Endonuclease III homolog [Source:UniProtKB/TrEMBL;Acc:K4C959]",45372677,45380921,45380921,834,"Pair_389"
"Solyc06g073410.3",1,"6","",45381756,45387669,45381756,NA,"Pair_389"
"Solyc06g074170.3",-1,"6","",46005967,46010518,46010518,451,"Pair_390"
"Solyc06g074180.2",1,"6","",46010970,46013972,46010970,NA,"Pair_390"
"Solyc06g074520.1",-1,"6","",46253387,46253617,46253617,839,"Pair_391"
"Solyc06g074530.1",1,"6","Arogenate dehydratase [Source:UniProtKB/TrEMBL;Acc:K4C9H1]",46254457,46255758,46254457,NA,"Pair_391"
"Solyc06g075010.3",-1,"6","",46678724,46684047,46684047,691,"Pair_392"
"Solyc06g075020.3",1,"6","",46684739,46693732,46684739,NA,"Pair_392"
"Solyc06g075370.3",-1,"6","",46926740,46928546,46928546,901,"Pair_393"
"Solyc06g075380.1",1,"6","",46929448,46929660,46929448,NA,"Pair_393"
"Solyc06g075390.3",-1,"6","",46934156,46940963,46940963,737,"Pair_394"
"Solyc06g075400.3",1,"6","V-type proton ATPase subunit a [Source:UniProtKB/TrEMBL;Acc:K4C9Q5]",46941701,46950829,46941701,NA,"Pair_394"
"Solyc06g075720.2",-1,"6","",47188924,47192301,47192301,780,"Pair_395"
"Solyc06g075730.2",1,"6","",47193082,47193662,47193082,NA,"Pair_395"
"Solyc06g075930.1",-1,"6","Histone H4 [Source:UniProtKB/Swiss-Prot;Acc:P35057]",47287754,47288065,47288065,794,"Pair_396"
"Solyc06g075940.1",1,"6","",47288860,47289914,47288860,NA,"Pair_396"
"Solyc06g075980.3",-1,"6","",47315263,47320738,47320738,411,"Pair_397"
"Solyc06g075990.3",1,"6","DSI-1VOC [Source:Projected from Arabidopsis thaliana (AT1G07645) UniProtKB/TrEMBL;Acc:A0A178W443]",47321150,47322092,47321150,NA,"Pair_397"
"Solyc06g076080.2",-1,"6","",47376773,47379915,47379915,734,"Pair_398"
"Solyc06g076090.3",1,"6","",47380650,47383315,47380650,NA,"Pair_398"
"Solyc06g076660.3",-1,"6","Proliferating cell nuclear antigen [Source:UniProtKB/TrEMBL;Acc:Q8H0Q1]",47748205,47754296,47754296,660,"Pair_399"
"Solyc06g076670.3",1,"6","Serine/arginine-rich splicing factor SR45a [Source:Projected from Arabidopsis thaliana (AT1G07350) UniProtKB/Swiss-Prot;Acc:Q84TH4]",47754957,47763708,47754957,NA,"Pair_399"
"Solyc06g076970.3",-1,"6","Peptidyl-prolyl cis-trans isomerase [Source:Projected from Arabidopsis thaliana (AT5G58710) UniProtKB/TrEMBL;Acc:A0A178UBF4]",47973431,47978867,47978867,733,"Pair_400"
"Solyc06g076980.3",1,"6","",47979601,47984447,47979601,NA,"Pair_400"
"Solyc06g082270.2",-1,"6","",48192892,48201727,48201727,954,"Pair_401"
"Solyc06g082280.3",1,"6","",48202682,48210921,48202682,NA,"Pair_401"
"Solyc06g082380.3",-1,"6","",48257284,48262503,48262503,912,"Pair_402"
"Solyc06g082390.3",1,"6","RNA-directed DNA methylation 4 [Source:Projected from Arabidopsis thaliana (AT2G30280) UniProtKB/Swiss-Prot;Acc:Q8GYP3]",48263416,48268757,48263416,NA,"Pair_402"
"Solyc06g082400.1",-1,"6","",48275392,48275568,48275568,206,"Pair_403"
"Solyc06g082420.3",1,"6","",48275775,48289250,48275775,NA,"Pair_403"
"Solyc06g083230.3",-1,"6","GTP cyclohydrolase 1 [Source:UniProtKB/Swiss-Prot;Acc:Q8VYU3]",48784598,48789146,48789146,286,"Pair_404"
"Solyc06g083250.3",1,"6","",48789433,48791567,48789433,NA,"Pair_404"
"Solyc06g083770.3",-1,"6","",49146644,49149630,49149630,558,"Pair_405"
"Solyc06g083780.3",1,"6","",49150189,49152086,49150189,NA,"Pair_405"
"Solyc06g083980.2",-1,"6","Transcription factor bHLH3 [Source:Projected from Arabidopsis thaliana (AT4G16430) UniProtKB/Swiss-Prot;Acc:O23487]",49306994,49309614,49309614,559,"Pair_406"
"Solyc06g083990.3",1,"6","ATP binding protein-like [Source:Projected from Arabidopsis thaliana (AT4G19540) UniProtKB/TrEMBL;Acc:O49472]",49310174,49314848,49310174,NA,"Pair_406"
"Solyc06g084150.3",-1,"6","Protein ANTAGONIST OF LIKE HETEROCHROMATIN PROTEIN 1 [Source:Projected from Arabidopsis thaliana (AT3G63270) UniProtKB/Swiss-Prot;Acc:Q94K49]",49409897,49417220,49417220,804,"Pair_407"
"Solyc06g084160.3",1,"6","",49418025,49421447,49418025,NA,"Pair_407"
"Solyc07g005050.3",-1,"7","",101122,103597,103597,553,"Pair_408"
"Solyc07g005060.3",1,"7","Defective in cullin neddylation protein [Source:UniProtKB/TrEMBL;Acc:K4CAX8]",104151,109460,104151,NA,"Pair_408"
"Solyc07g005370.3",-1,"7","",288352,290530,290530,455,"Pair_409"
"Solyc07g005380.3",1,"7","",290986,292561,290986,NA,"Pair_409"
"Solyc07g006520.3",-1,"7","",1318166,1325541,1325541,573,"Pair_410"
"Solyc07g006530.3",1,"7","Adenylosuccinate lyase [Source:UniProtKB/TrEMBL;Acc:K4CBC4]",1326115,1332176,1326115,NA,"Pair_410"
"Solyc07g008330.3",-1,"7","",3114670,3120655,3120655,985,"Pair_411"
"Solyc07g008340.3",1,"7","",3121641,3128441,3121641,NA,"Pair_411"
"Solyc07g008450.3",-1,"7","",3327991,3361614,3361614,565,"Pair_412"
"Solyc07g008460.3",1,"7","",3362180,3375401,3362180,NA,"Pair_412"
"Solyc07g008850.3",-1,"7","",3825467,3832463,3832463,601,"Pair_413"
"Solyc07g008860.3",1,"7","",3833065,3838557,3833065,NA,"Pair_413"
"Solyc07g009175.1",-1,"7","",4233718,4245674,4245674,630,"Pair_414"
"Solyc07g009210.2",1,"7","",4246305,4248270,4246305,NA,"Pair_414"
"Solyc07g019510.3",-1,"7","",11844950,11845924,11845924,497,"Pair_415"
"Solyc07g019520.1",1,"7","",11846422,11846652,11846422,NA,"Pair_415"
"Solyc07g021190.2",-1,"7","",16765583,16766145,16766145,204,"Pair_416"
"Solyc07g021200.1",1,"7","",16766350,16767226,16766350,NA,"Pair_416"
"Solyc07g032250.3",-1,"7","",36561029,36565091,36565091,407,"Pair_417"
"Solyc07g032260.3",1,"7","",36565499,36573126,36565499,NA,"Pair_417"
"Solyc07g041780.3",-1,"7","",54268711,54272036,54272036,200,"Pair_418"
"Solyc07g041790.1",1,"7","",54272237,54272458,54272237,NA,"Pair_418"
"Solyc07g042745.1",-1,"7","",56382502,56383939,56383939,294,"Pair_419"
"Solyc07g042750.3",1,"7","",56384234,56389635,56384234,NA,"Pair_419"
"Solyc07g045260.2",-1,"7","",58509004,58512535,58512535,996,"Pair_420"
"Solyc07g045270.2",1,"7","",58513532,58515375,58513532,NA,"Pair_420"
"Solyc07g045300.3",-1,"7","",58528723,58532232,58532232,585,"Pair_421"
"Solyc07g045310.3",1,"7","",58532818,58537896,58532818,NA,"Pair_421"
"Solyc07g052000.1",-1,"7","",60680637,60681188,60681188,374,"Pair_422"
"Solyc07g052010.2",1,"7","",60681563,60687085,60681563,NA,"Pair_422"
"Solyc07g052175.1",-1,"7","",60835178,60836191,60836191,495,"Pair_423"
"Solyc07g052200.1",1,"7","",60836687,60837277,60836687,NA,"Pair_423"
"Solyc07g052860.2",-1,"7","",61426308,61426640,61426640,568,"Pair_424"
"Solyc07g052870.2",1,"7","",61427209,61428691,61427209,NA,"Pair_424"
"Solyc07g055160.3",-1,"7","",63409975,63421786,63421786,589,"Pair_425"
"Solyc07g055170.1",1,"7","DNA repair protein XRCC3 homolog [Source:Projected from Arabidopsis thaliana (AT5G57450) UniProtKB/Swiss-Prot;Acc:Q9FKM5]",63422376,63423233,63422376,NA,"Pair_425"
"Solyc07g055362.1",-1,"7","",63547227,63548431,63548431,154,"Pair_426"
"Solyc07g055364.1",1,"7","",63548586,63556576,63548586,NA,"Pair_426"
"Solyc07g055750.3",-1,"7","",63809340,63810431,63810431,947,"Pair_427"
"Solyc07g055760.2",1,"7","",63811379,63824980,63811379,NA,"Pair_427"
"Solyc07g056220.3",-1,"7","Protein VACUOLELESS1 [Source:Projected from Arabidopsis thaliana (AT2G38020) UniProtKB/Swiss-Prot;Acc:Q93VQ0]",64193237,64205377,64205377,732,"Pair_428"
"Solyc07g056230.3",1,"7","",64206110,64211942,64206110,NA,"Pair_428"
"Solyc07g056410.3",-1,"7","",64399436,64408112,64408112,511,"Pair_429"
"Solyc07g056420.3",1,"7","",64408624,64431052,64408624,NA,"Pair_429"
"Solyc07g061950.3",-1,"7","",64946787,64954448,64954448,978,"Pair_430"
"Solyc07g061960.3",1,"7","",64955427,64965637,64955427,NA,"Pair_430"
"Solyc07g062180.3",-1,"7","",65116040,65120536,65120536,857,"Pair_431"
"Solyc07g062190.3",1,"7","",65121394,65125547,65121394,NA,"Pair_431"
"Solyc07g062410.3",-1,"7","",65296080,65299170,65299170,953,"Pair_432"
"Solyc07g062420.1",1,"7","",65300124,65301459,65300124,NA,"Pair_432"
"Solyc07g062810.3",-1,"7","",65599544,65603144,65603144,314,"Pair_433"
"Solyc07g062820.1",1,"7","Pentatricopeptide repeat-containing protein At4g18520, chloroplastic [Source:Projected from Arabidopsis thaliana (AT4G18520) UniProtKB/Swiss-Prot;Acc:Q0WNP3]",65603459,65605312,65603459,NA,"Pair_433"
"Solyc07g063180.3",-1,"7","Dynein light chain [Source:UniProtKB/TrEMBL;Acc:K4CH01]",65859782,65861639,65861639,241,"Pair_434"
"Solyc07g063190.3",1,"7","",65861881,65865275,65861881,NA,"Pair_434"
"Solyc07g063540.3",-1,"7","",66124872,66127969,66127969,636,"Pair_435"
"Solyc07g063550.3",1,"7","",66128606,66140869,66128606,NA,"Pair_435"
"Solyc07g064110.3",-1,"7","",66511762,66525359,66525359,816,"Pair_436"
"Solyc07g064120.2",1,"7","",66526176,66532515,66526176,NA,"Pair_436"
"Solyc07g064230.3",-1,"7","",66586732,66593394,66593394,858,"Pair_437"
"Solyc07g064240.3",1,"7","At3g20570 [Source:Projected from Arabidopsis thaliana (AT3G20570) UniProtKB/TrEMBL;Acc:Q9LJU1]",66594253,66595344,66594253,NA,"Pair_437"
"Solyc07g064280.3",-1,"7","Tryptophan synthase [Source:UniProtKB/TrEMBL;Acc:K4CHA9]",66619789,66626490,66626490,580,"Pair_438"
"Solyc07g064300.3",1,"7","",66627071,66647714,66627071,NA,"Pair_438"
"Solyc07g064475.1",-1,"7","",66740936,66743044,66743044,358,"Pair_439"
"Solyc07g064480.1",1,"7","",66743403,66744380,66743403,NA,"Pair_439"
"Solyc07g064540.2",-1,"7","",66763783,66766433,66766433,391,"Pair_440"
"Solyc07g064550.3",1,"7","",66766825,66775528,66766825,NA,"Pair_440"
"Solyc07g064940.3",-1,"7","",67028939,67031934,67031934,660,"Pair_441"
"Solyc07g064950.3",1,"7","Trigger factor-like protein TIG, Chloroplastic [Source:Projected from Arabidopsis thaliana (AT5G55220) UniProtKB/Swiss-Prot;Acc:Q8S9L5]",67032595,67038941,67032595,NA,"Pair_441"
"Solyc07g065170.3",-1,"7","40S ribosomal protein S8 [Source:UniProtKB/TrEMBL;Acc:K4CHJ6]",67179416,67182180,67182180,558,"Pair_442"
"Solyc07g065180.3",1,"7","",67182739,67186646,67182739,NA,"Pair_442"
"Solyc07g065620.3",-1,"7","Poly(A)-specific ribonuclease PARN [Source:Projected from Arabidopsis thaliana (AT1G55870) UniProtKB/Swiss-Prot;Acc:Q9LG26]",67442490,67447268,67447268,934,"Pair_443"
"Solyc07g065630.3",1,"7","",67448203,67464966,67448203,NA,"Pair_443"
"Solyc07g065765.1",-1,"7","",67539343,67540406,67540406,381,"Pair_444"
"Solyc07g065780.2",1,"7","",67540788,67544277,67540788,NA,"Pair_444"
"Solyc07g065840.2",-1,"7","Heat shock cognate protein 80 [Source:UniProtKB/Swiss-Prot;Acc:P36181]",67565749,67569469,67569469,303,"Pair_445"
"Solyc07g065845.1",1,"7","",67569773,67577969,67569773,NA,"Pair_445"
"Solyc07g066530.3",-1,"7","",68060552,68065504,68065504,217,"Pair_446"
"Solyc07g066540.1",1,"7","",68065722,68066324,68065722,NA,"Pair_446"
"Solyc07g066610.3",-1,"7","",68113060,68119347,68119347,355,"Pair_447"
"Solyc07g066620.3",1,"7","",68119703,68123614,68119703,NA,"Pair_447"
"Solyc08g005140.3",-1,"8","",91644,96889,96889,709,"Pair_448"
"Solyc08g005150.3",1,"8","RBR-type E3 ubiquitin transferase [Source:UniProtKB/TrEMBL;Acc:K4CI07]",97599,104455,97599,NA,"Pair_448"
"Solyc08g005220.3",-1,"8","",141117,143502,143502,585,"Pair_449"
"Solyc08g005230.3",1,"8","",144088,150470,144088,NA,"Pair_449"
"Solyc08g005290.3",-1,"8","",216322,231019,231019,126,"Pair_450"
"Solyc08g005300.2",1,"8","",231146,232261,231146,NA,"Pair_450"
"Solyc08g005410.3",-1,"8","",304814,312277,312277,804,"Pair_451"
"Solyc08g005420.3",1,"8","",313082,316083,313082,NA,"Pair_451"
"Solyc08g005780.3",-1,"8","beta-amylase 2 [Source:Projected from Arabidopsis thaliana (AT5G45300) TAIR;Acc:AT5G45300]",599498,613763,613763,229,"Pair_452"
"Solyc08g005800.3",1,"8","",613993,628982,613993,NA,"Pair_452"
"Solyc08g006040.3",-1,"8","40S ribosomal protein S6 [Source:UniProtKB/TrEMBL;Acc:K4CI93]",798781,801497,801497,596,"Pair_453"
"Solyc08g006050.2",1,"8","",802094,823852,802094,NA,"Pair_453"
"Solyc08g006080.1",-1,"8","",831707,832705,832705,927,"Pair_454"
"Solyc08g006090.3",1,"8","Peptidyl-prolyl cis-trans isomerase [Source:UniProtKB/TrEMBL;Acc:K4CI98]",833633,839656,833633,NA,"Pair_454"
"Solyc08g006120.3",-1,"8","",858111,863519,863519,981,"Pair_455"
"Solyc08g006130.2",1,"8","",864501,865459,864501,NA,"Pair_455"
"Solyc08g006830.3",-1,"8","",1364963,1372983,1372983,915,"Pair_456"
"Solyc08g006840.3",1,"8","",1373899,1381628,1373899,NA,"Pair_456"
"Solyc08g007030.3",-1,"8","",1596800,1602535,1602535,924,"Pair_457"
"Solyc08g007040.3",1,"8","Glycine cleavage system H protein [Source:UniProtKB/TrEMBL;Acc:K4CIJ1]",1603460,1605812,1603460,NA,"Pair_457"
"Solyc08g007250.2",-1,"8","",1830467,1836102,1836102,413,"Pair_458"
"Solyc08g007260.1",1,"8","",1836516,1837133,1836516,NA,"Pair_458"
"Solyc08g008430.3",-1,"8","",2837413,2837777,2837777,704,"Pair_459"
"Solyc08g008440.2",1,"8","",2838482,2841536,2838482,NA,"Pair_459"
"Solyc08g036510.1",-1,"8","",11161214,11161615,11161615,249,"Pair_460"
"Solyc08g036500.1",1,"8","",11161865,11162308,11161865,NA,"Pair_460"
"Solyc08g044490.1",-1,"8","",20197003,20197427,20197427,927,"Pair_461"
"Solyc08g044480.1",1,"8","",20198355,20199643,20198355,NA,"Pair_461"
"Solyc08g043190.1",-1,"8","",22874548,22874718,22874718,704,"Pair_462"
"Solyc08g043180.3",1,"8","",22875423,22881145,22875423,NA,"Pair_462"
"Solyc08g042147.1",-1,"8","",23811618,23812602,23812602,185,"Pair_463"
"Solyc08g042130.3",1,"8","",23812788,23823277,23812788,NA,"Pair_463"
"Solyc08g067060.2",-1,"8","",56040302,56045825,56045825,992,"Pair_464"
"Solyc08g067070.3",1,"8","tRNA (cytosine(38)-C(5))-methyltransferase 2 [Source:Projected from Arabidopsis thaliana (AT5G25480) UniProtKB/Swiss-Prot;Acc:F4JWT7]",56046818,56057568,56046818,NA,"Pair_464"
"Solyc08g067460.1",-1,"8","",56555905,56556441,56556441,941,"Pair_465"
"Solyc08g067470.3",1,"8","",56557383,56560315,56557383,NA,"Pair_465"
"Solyc08g068925.1",-1,"8","",58066068,58069159,58069159,492,"Pair_466"
"Solyc08g068930.3",1,"8","",58069652,58074401,58069652,NA,"Pair_466"
"Solyc08g074250.2",-1,"8","",58480517,58483426,58483426,866,"Pair_467"
"Solyc08g074255.1",1,"8","",58484293,58485146,58484293,NA,"Pair_467"
"Solyc08g074690.3",-1,"8","",58970631,58973965,58973965,876,"Pair_468"
"Solyc08g074700.1",1,"8","",58974842,58975120,58974842,NA,"Pair_468"
"Solyc08g074870.2",-1,"8","",59136574,59141747,59141747,791,"Pair_469"
"Solyc08g074880.1",1,"8","",59142539,59143093,59142539,NA,"Pair_469"
"Solyc08g074893.1",-1,"8","",59172397,59172894,59172894,759,"Pair_470"
"Solyc08g074897.1",1,"8","",59173654,59175374,59173654,NA,"Pair_470"
"Solyc08g075150.3",-1,"8","",59419080,59424699,59424699,663,"Pair_471"
"Solyc08g075160.3",1,"8","",59425363,59431734,59425363,NA,"Pair_471"
"Solyc08g075770.3",-1,"8","",60004239,60014045,60014045,866,"Pair_472"
"Solyc08g075780.3",1,"8","",60014912,60017689,60014912,NA,"Pair_472"
"Solyc08g075990.3",-1,"8","",60178107,60182644,60182644,643,"Pair_473"
"Solyc08g076000.3",1,"8","",60183288,60190010,60183288,NA,"Pair_473"
"Solyc08g076100.3",-1,"8","",60259369,60269530,60269530,687,"Pair_474"
"Solyc08g076120.3",1,"8","",60270218,60276593,60270218,NA,"Pair_474"
"Solyc08g076130.3",-1,"8","Vacuolar protein sorting-associated protein 25 [Source:Projected from Arabidopsis thaliana (AT4G19003) UniProtKB/Swiss-Prot;Acc:Q8VZC9]",60281146,60287226,60287226,146,"Pair_475"
"Solyc08g076140.3",1,"8","",60287373,60298389,60287373,NA,"Pair_475"
"Solyc08g077060.3",-1,"8","",61116131,61120772,61120772,207,"Pair_476"
"Solyc08g077070.3",1,"8","",61120980,61124359,61120980,NA,"Pair_476"
"Solyc08g077300.3",-1,"8","UMP-CMP kinase [Source:UniProtKB/TrEMBL;Acc:K4CN90]",61322192,61327462,61327462,723,"Pair_477"
"Solyc08g077310.3",1,"8","",61328186,61340653,61328186,NA,"Pair_477"
"Solyc08g077840.3",-1,"8","(S)-ureidoglycine aminohydrolase [Source:Projected from Arabidopsis thaliana (AT4G17050) UniProtKB/Swiss-Prot;Acc:Q8GXV5]",61862352,61868188,61868188,480,"Pair_478"
"Solyc08g077850.2",1,"8","",61868669,61898851,61868669,NA,"Pair_478"
"Solyc08g078753.1",-1,"8","",62606948,62613092,62613092,642,"Pair_479"
"Solyc08g078760.1",1,"8","",62613735,62615945,62613735,NA,"Pair_479"
"Solyc08g078830.1",-1,"8","",62660692,62660982,62660982,486,"Pair_480"
"Solyc08g078840.3",1,"8","",62661469,62663655,62661469,NA,"Pair_480"
"Solyc08g079240.3",-1,"8","",62974912,62979953,62979953,517,"Pair_481"
"Solyc08g079250.3",1,"8","",62980471,62981308,62980471,NA,"Pair_481"
"Solyc08g079800.3",-1,"8","",63382770,63385179,63385179,772,"Pair_482"
"Solyc08g079810.3",1,"8","",63385952,63391090,63385952,NA,"Pair_482"
"Solyc08g080375.1",-1,"8","",63799311,63802436,63802436,310,"Pair_483"
"Solyc08g080390.3",1,"8","",63802747,63804653,63802747,NA,"Pair_483"
"Solyc08g080630.3",-1,"8","",64000788,64002067,64002067,772,"Pair_484"
"Solyc08g080650.2",1,"8","",64002840,64005894,64002840,NA,"Pair_484"
"Solyc08g080740.3",-1,"8","",64067136,64069224,64069224,580,"Pair_485"
"Solyc08g080745.1",1,"8","",64069805,64073763,64069805,NA,"Pair_485"
"Solyc08g080910.3",-1,"8","",64192550,64196018,64196018,664,"Pair_486"
"Solyc08g080920.3",1,"8","",64196683,64201033,64196683,NA,"Pair_486"
"Solyc08g081860.1",-1,"8","",64922693,64923079,64923079,946,"Pair_487"
"Solyc08g081880.2",1,"8","",64924026,64925128,64924026,NA,"Pair_487"
"Solyc08g082720.3",-1,"8","",65534716,65545125,65545125,842,"Pair_488"
"Solyc08g082730.3",1,"8","",65545968,65550955,65545968,NA,"Pair_488"
"Solyc08g082840.2",-1,"8","",65615068,65630955,65630955,317,"Pair_489"
"Solyc08g082850.3",1,"8","ABC transporter F family member 3 [Source:Projected from Arabidopsis thaliana (AT1G64550) UniProtKB/Swiss-Prot;Acc:Q8H0V6]",65631273,65639610,65631273,NA,"Pair_489"
"Solyc08g083000.2",-1,"8","",65735644,65735850,65735850,338,"Pair_490"
"Solyc08g083010.3",1,"8","",65736189,65739594,65736189,NA,"Pair_490"
"Solyc08g083330.2",-1,"8","Polyketide cyclase/dehydrase and lipid transport superfamily protein [Source:Projected from Arabidopsis thaliana (AT1G64720) UniProtKB/TrEMBL;Acc:Q9XIR9]",65940867,65946073,65946073,276,"Pair_491"
"Solyc08g083350.3",1,"8","",65946350,65950828,65946350,NA,"Pair_491"
"Solyc09g005700.3",-1,"9","Diaminopimelate epimerase, chloroplastic [Source:Projected from Arabidopsis thaliana (AT3G53580) UniProtKB/Swiss-Prot;Acc:Q9LFG2]",487959,495847,495847,362,"Pair_492"
"Solyc09g005710.2",1,"9","Pentatricopeptide repeat-containing protein At5g42450, mitochondrial [Source:Projected from Arabidopsis thaliana (AT5G42450) UniProtKB/Swiss-Prot;Acc:Q9FIH2]",496210,497595,496210,NA,"Pair_492"
"Solyc09g005810.3",-1,"9","",553381,557784,557784,163,"Pair_493"
"Solyc09g005820.1",1,"9","",557948,558115,557948,NA,"Pair_493"
"Solyc09g005930.3",-1,"9","",641593,650002,650002,898,"Pair_494"
"Solyc09g005940.3",1,"9","",650901,654848,650901,NA,"Pair_494"
"Solyc09g005950.3",-1,"9","",657113,658472,658472,628,"Pair_495"
"Solyc09g005960.3",1,"9","",659101,663546,659101,NA,"Pair_495"
"Solyc09g007110.3",-1,"9","",752323,757831,757831,893,"Pair_496"
"Solyc09g007120.3",1,"9","",758725,763888,758725,NA,"Pair_496"
"Solyc09g007220.1",-1,"9","",830943,831899,831899,954,"Pair_497"
"Solyc09g007230.3",1,"9","",832854,839286,832854,NA,"Pair_497"
"Solyc09g007240.3",-1,"9","",842295,847705,847705,928,"Pair_498"
"Solyc09g007250.3",1,"9","",848634,851301,848634,NA,"Pair_498"
"Solyc09g007930.2",-1,"9","",1438357,1439375,1439375,522,"Pair_499"
"Solyc09g007940.3",1,"9","",1439898,1444293,1439898,NA,"Pair_499"
"Solyc09g008130.3",-1,"9","Phosphoglycerate kinase [Source:UniProtKB/TrEMBL;Acc:K4CQK2]",1600088,1607448,1607448,211,"Pair_500"
"Solyc09g008140.3",1,"9","",1607660,1612346,1607660,NA,"Pair_500"
"Solyc09g008175.1",-1,"9","",1627019,1627405,1627405,419,"Pair_501"
"Solyc09g008180.1",1,"9","",1627825,1628040,1627825,NA,"Pair_501"
"Solyc09g008295.1",-1,"9","",1749843,1754631,1754631,567,"Pair_502"
"Solyc09g008300.2",1,"9","",1755199,1757235,1755199,NA,"Pair_502"
"Solyc09g008330.3",-1,"9","",1794205,1803928,1803928,860,"Pair_503"
"Solyc09g008340.3",1,"9","",1804789,1810306,1804789,NA,"Pair_503"
"Solyc09g009630.3",-1,"9","CAAX prenyl protease 2 [Source:Projected from Arabidopsis thaliana (AT2G36305) UniProtKB/Swiss-Prot;Acc:Q8GW19]",3041877,3049313,3049313,578,"Pair_504"
"Solyc09g009640.3",1,"9","LSM7 [Source:Projected from Arabidopsis thaliana (AT2G03870) UniProtKB/TrEMBL;Acc:A0A178VPR3]",3049892,3053137,3049892,NA,"Pair_504"
"Solyc09g009940.3",-1,"9","SRP54CP [Source:Projected from Arabidopsis thaliana (AT5G03940) UniProtKB/TrEMBL;Acc:A0A178UD49]",3401936,3409081,3409081,770,"Pair_505"
"Solyc09g009950.3",1,"9","Putative pentatricopeptide repeat-containing protein At3g11460, mitochondrial [Source:Projected from Arabidopsis thaliana (AT3G11460) UniProtKB/Swiss-Prot;Acc:Q9CAY1]",3409852,3411783,3409852,NA,"Pair_505"
"Solyc09g010000.3",-1,"9","",3447715,3450286,3450286,422,"Pair_506"
"Solyc09g010030.2",1,"9","",3450709,3452480,3450709,NA,"Pair_506"
"Solyc09g011410.3",-1,"9","Copper ion transmembrane transporter [Source:Projected from Arabidopsis thaliana (AT2G37920) UniProtKB/TrEMBL;Acc:Q8LG21]",4747331,4750966,4750966,137,"Pair_507"
"Solyc09g011420.3",1,"9","",4751104,4754547,4751104,NA,"Pair_507"
"Solyc09g011660.3",-1,"9","",4888457,4910632,4910632,812,"Pair_508"
"Solyc09g011675.1",1,"9","",4911445,4911813,4911445,NA,"Pair_508"
"Solyc09g015380.1",-1,"9","",8710966,8711571,8711571,506,"Pair_509"
"Solyc09g015385.1",1,"9","",8712078,8718316,8712078,NA,"Pair_509"
"Solyc09g031710.1",-1,"9","",28301463,28302121,28302121,775,"Pair_510"
"Solyc09g031700.3",1,"9","",28302897,28314686,28302897,NA,"Pair_510"
"Solyc09g047910.3",-1,"9","",33885649,33890038,33890038,315,"Pair_511"
"Solyc09g047920.2",1,"9","",33890354,33896158,33890354,NA,"Pair_511"
"Solyc09g057670.3",-1,"9","Peptidylprolyl isomerase [Source:UniProtKB/TrEMBL;Acc:K4CTF8]",50359862,50364418,50364418,314,"Pair_512"
"Solyc09g057680.3",1,"9","",50364733,50367909,50364733,NA,"Pair_512"
"Solyc09g064300.1",-1,"9","RBR-type E3 ubiquitin transferase [Source:UniProtKB/TrEMBL;Acc:K4CU60]",61705309,61705677,61705677,632,"Pair_513"
"Solyc09g064310.3",1,"9","",61706310,61708893,61706310,NA,"Pair_513"
"Solyc09g066490.3",-1,"9","",65137932,65140419,65140419,344,"Pair_514"
"Solyc09g066495.1",1,"9","H/ACA ribonucleoprotein complex subunit 3-like protein [Source:Projected from Arabidopsis thaliana (AT2G20490) UniProtKB/Swiss-Prot;Acc:Q93XX8]",65140764,65143059,65140764,NA,"Pair_514"
"Solyc09g025230.3",-1,"9","",65287997,65290087,65290087,593,"Pair_515"
"Solyc09g025245.1",1,"9","",65290681,65298725,65290681,NA,"Pair_515"
"Solyc09g025240.3",-1,"9","TOM1-like protein 2 [Source:Projected from Arabidopsis thaliana (AT1G06210) UniProtKB/Swiss-Prot;Acc:Q9LNC6]",65290522,65298721,65298721,608,"Pair_516"
"Solyc09g025250.3",1,"9","",65299330,65307011,65299330,NA,"Pair_516"
"Solyc09g075310.2",-1,"9","",67459819,67459908,67459908,862,"Pair_517"
"Solyc09g075320.1",1,"9","",67460771,67461367,67460771,NA,"Pair_517"
"Solyc09g082420.1",-1,"9","",68590984,68592124,68592124,883,"Pair_518"
"Solyc09g082430.1",1,"9","",68593008,68593298,68593008,NA,"Pair_518"
"Solyc09g082590.3",-1,"9","",68752195,68755402,68755402,973,"Pair_519"
"Solyc09g082600.2",1,"9","",68756376,68758202,68756376,NA,"Pair_519"
"Solyc09g083410.3",-1,"9","Ureidoglycolate hydrolase [Source:Projected from Arabidopsis thaliana (AT5G43600) UniProtKB/Swiss-Prot;Acc:Q8VXY9]",69493757,69500021,69500021,679,"Pair_520"
"Solyc09g083420.3",1,"9","",69500701,69507838,69500701,NA,"Pair_520"
"Solyc09g090110.3",-1,"9","",70124836,70128014,70128014,721,"Pair_521"
"Solyc09g090120.3",1,"9","",70128736,70134019,70128736,NA,"Pair_521"
"Solyc09g090580.3",-1,"9","LSP1 [Source:Projected from Arabidopsis thaliana (AT5G35620) UniProtKB/TrEMBL;Acc:A0A178UEE3]",70538241,70541655,70541655,931,"Pair_522"
"Solyc09g090590.3",1,"9","",70542587,70544687,70542587,NA,"Pair_522"
"Solyc09g092200.2",-1,"9","",71825839,71827263,71827263,993,"Pair_523"
"Solyc09g092210.3",1,"9","",71828257,71829694,71828257,NA,"Pair_523"
"Solyc09g092240.3",-1,"9","",71842227,71863091,71863091,340,"Pair_524"
"Solyc09g092250.3",1,"9","",71863432,71872307,71863432,NA,"Pair_524"
"Solyc00g011150.1",-1,"SL3.00SC0000037","",11794,12000,12000,101,"Pair_525"
"Solyc00g011160.2",1,"SL3.00SC0000037","Glucan endo-1,3-beta-glucosidase, basic vacuolar isoform ",12102,12574,12102,NA,"Pair_525"
"Solyc00g013160.2",-1,"SL3.00SC0000053","NADH dehydrogenase subunit 4 ",52906,53467,53467,572,"Pair_526"
"Solyc00g013170.1",1,"SL3.00SC0000053","",54040,54249,54040,NA,"Pair_526"
"Solyc00g014810.1",-1,"SL3.00SC0000068","",7312,7476,7476,350,"Pair_527"
"Solyc00g014820.2",1,"SL3.00SC0000068","",7827,8742,7827,NA,"Pair_527"
"Solyc00g014830.3",-1,"SL3.00SC0000068","NADH dehydrogenase subunit 7 ",11124,17205,17205,172,"Pair_528"
"Solyc00g014840.1",1,"SL3.00SC0000068","",17378,17719,17378,NA,"Pair_528"
"Solyc00g017880.1",-1,"SL3.00SC0000096","",3784,7926,7926,192,"Pair_529"
"Solyc00g017890.1",1,"SL3.00SC0000096","",8119,8916,8119,NA,"Pair_529"
"Solyc00g019950.1",-1,"SL3.00SC0000115","NADH dehydrogenase subunit 9 ",1106,1678,1678,301,"Pair_530"
"Solyc00g019970.2",1,"SL3.00SC0000115","",1980,2971,1980,NA,"Pair_530"
"Solyc00g020010.1",-1,"SL3.00SC0000115","",8475,8702,8702,369,"Pair_531"
"Solyc00g020020.2",1,"SL3.00SC0000115","",9072,10155,9072,NA,"Pair_531"
"Solyc00g020970.1",-1,"SL3.00SC0000124","",5880,7545,7545,314,"Pair_532"
"Solyc00g020980.1",1,"SL3.00SC0000124","",7860,8072,7860,NA,"Pair_532"
"Solyc00g021640.3",-1,"SL3.00SC0000130","Ribosomal protein S4 ",3442,6154,6154,574,"Pair_533"
"Solyc00g021650.1",1,"SL3.00SC0000130","",6729,6959,6729,NA,"Pair_533"
"Solyc00g023260.1",-1,"SL3.00SC0000145","ADP-ribosylation factor GTPase-activating protein AGD7 ",4363,6249,6249,193,"Pair_534"
"Solyc00g023270.2",1,"SL3.00SC0000145","",6443,8841,6443,NA,"Pair_534"
"Solyc00g023570.1",-1,"SL3.00SC0000148","GDSL-like Lipase/Acylhydrolase superfamily protein ",1299,1628,1628,240,"Pair_535"
"Solyc00g023580.1",1,"SL3.00SC0000148","Thioredoxin superfamily protein ",1869,2126,1869,NA,"Pair_535"
"Solyc00g024020.1",-1,"SL3.00SC0000152","",2757,3605,3605,187,"Pair_536"
"Solyc00g024030.1",1,"SL3.00SC0000152","",3793,5040,3793,NA,"Pair_536"
"Solyc00g024040.1",-1,"SL3.00SC0000152","",5425,6947,6947,709,"Pair_537"
"Solyc00g024050.1",1,"SL3.00SC0000152","",7657,8295,7657,NA,"Pair_537"
"Solyc00g025520.1",-1,"SL3.00SC0000166","",3137,3328,3328,167,"Pair_538"
"Solyc00g025530.1",1,"SL3.00SC0000166","",3496,4278,3496,NA,"Pair_538"
"Solyc00g026875.1",-1,"SL3.00SC0000179","",3142,3454,3454,367,"Pair_539"
"Solyc00g026890.1",1,"SL3.00SC0000179","",3822,4226,3822,NA,"Pair_539"
"Solyc00g028100.1",-1,"SL3.00SC0000190","",2208,2369,2369,248,"Pair_540"
"Solyc00g028110.2",1,"SL3.00SC0000190","",2618,3436,2618,NA,"Pair_540"
"Solyc00g029060.1",-1,"SL3.00SC0000199","",30,403,403,285,"Pair_541"
"Solyc00g029070.2",1,"SL3.00SC0000199","",689,1099,689,NA,"Pair_541"
"Solyc00g029290.1",-1,"SL3.00SC0000201","",2,3343,3343,525,"Pair_542"
"Solyc00g029300.2",1,"SL3.00SC0000201","",3869,6560,3869,NA,"Pair_542"
"Solyc00g031710.2",-1,"SL3.00SC0000224","",2571,3266,3266,166,"Pair_543"
"Solyc00g031720.2",1,"SL3.00SC0000224","",3433,3777,3433,NA,"Pair_543"
"Solyc00g033880.1",-1,"SL3.00SC0000245","",3015,4080,4080,538,"Pair_544"
"Solyc00g033885.1",1,"SL3.00SC0000245","",4619,5663,4619,NA,"Pair_544"
"Solyc00g035010.1",-1,"SL3.00SC0000256","",319,2980,2980,426,"Pair_545"
"Solyc00g035020.1",1,"SL3.00SC0000256","",3407,5404,3407,NA,"Pair_545"
"Solyc00g042120.2",-1,"SL3.00SC0000325","",2,829,829,851,"Pair_546"
"Solyc00g042130.2",1,"SL3.00SC0000325","ATP synthase subunit alpha ",1681,3210,1681,NA,"Pair_546"
"Solyc00g055940.1",-1,"SL3.00SC0000461","",62,445,445,151,"Pair_547"
"Solyc00g055950.1",1,"SL3.00SC0000461","",597,1286,597,NA,"Pair_547"
"Solyc00g068970.2",-1,"SL3.00SC0000590","Senescence-associated protein ",210,1529,1529,267,"Pair_548"
"Solyc00g068980.2",1,"SL3.00SC0000590","",1797,1958,1797,NA,"Pair_548"
"Solyc00g090120.2",-1,"SL3.00SC0000800","",1186,1816,1816,880,"Pair_549"
"Solyc00g090130.2",1,"SL3.00SC0000800","",2697,3803,2697,NA,"Pair_549"
"Solyc00g094530.1",-1,"SL3.00SC0000843","",1188,1577,1577,194,"Pair_550"
"Solyc00g094540.1",1,"SL3.00SC0000843","Bestrophin-like protein ",1772,2101,1772,NA,"Pair_550"
"Solyc00g099460.2",-1,"SL3.00SC0000892","",1,2050,2050,389,"Pair_551"
"Solyc00g099470.1",1,"SL3.00SC0000892","",2440,3489,2440,NA,"Pair_551"
"Solyc00g126420.2",-1,"SL3.00SC0001152","",3,314,314,151,"Pair_552"
"Solyc00g126430.1",1,"SL3.00SC0001152","",466,1329,466,NA,"Pair_552"
"Solyc00g135050.2",-1,"SL3.00SC0001237","",1405,1827,1827,149,"Pair_553"
"Solyc00g135060.1",1,"SL3.00SC0001237","",1977,2990,1977,NA,"Pair_553"
